0,EPTAAPAEPEAPAPE,0,46728.971963
1,VQDAATYAVTTFSNV,1,34.731066
2,SKLTYENVKMEDVGY,1,642.288259
3,DGYFLKIKVTAASPM,1,481.262834
4,FFHMNIYECKGVTVK,0,2400.384061
5,EAKITMLTNGQCQNI,1,784.888284
6,EGHHLASAAILGHDG,0,2276.8660866
7,YEGLSYRSLQPEEFA,0,1880.170469
8,EYLNKIQNSLSTEWS,1,19.718163
9,MSMASSSSSSLLAMA,0,6250.0
10,VKEIPPRLLYAKSSP,1,866.851595
11,ILPNTLVLDFCDDAL,0,2754.315094
12,FKSGRGCGSCFEIKC,0,46728.971963
13,LTGYSLFQKEKMVLN,1,24.771973
14,CKYGSLKPNCGNKVV,0,45592.705167
15,IKEKGKDKWIALKES,0,9334.163037
16,EEDKENALSLLDKIYT,1,221.883644
17,RKGVLFNIQYVNYWF,1,117.901356
18,AGDGDVVAVDIKEKG,0,16163.793103
19,AAFNNAIKAGTGGAY,0,16181.229773
20,FMVAMFLAVAVVLGL,0,5512.679162
21,LNEDLRSWTAADTAY,0,3104.713226
22,LLAMAVLAALFAGAW,0,5277.973258
23,MAAHKFMVAMFLAVA,1,11.166281
24,LGQQQPFPPQQPYPQ,0,5518.199123
25,PLSWSKEIYNYMEPY,1,938.673342
26,DIIEGPVKNVAVPLY,0,3544.42344
27,ASPMLYQLLEAVYGN,1,46.01354
28,YESIDNILVKMFKTN,1,49.54223
29,SNNGIKQQGIRYANP,0,9253.547193
30,ARVTVKDVTFRNITG,1,250.86129
31,SPKARSERPAIVPPA,0,3142.677561
32,LKLTSGKIASCLNDN,1,65.109253
33,TFGAASNKAFAEGLS,1,740.155926
34,KMPMYIAGYKTFDGR,1,1428.163382
35,DHTNFKYNYSVIEGG,1,79.816104
36,QFKPEEITGIMKDFD,0,2321.1694382
37,SEPGKYTAYEGQRVVF,1,1045.150502
38,VIPANWKPDTVYTSK,0,37406.483791
39,KFWGKYLYEIARRHP,1,31.4409
40,NNLMMIEQYPYVVIM,1,192.517487
41,KQQGIRYANPIAFFR,1,248.319703
42,GGSILKISNKYHTKG,1,1248.959201
43,LAKYKANWIEIMRIK,1,133.168796
44,GKWYLKAMTADQEVPE,0,4827.808175
45,KKTLRLPKMLETEIV,1,129.027818
46,SPLTASKLTYENVKM,1,1492.685839
47,KLIEDINVGFKAAVA,0,2870.813397
48,ATPEAKYDAYVATLS,0,6675.567423
49,CIPSLEAAVKQAYAA,0,7299.270073
50,GGFMTTAFQYIIDNKG,1,14.456749
51,YCDMMSLNLTIVSVS,1,582.479031
52,SFGIVVAWQVKLLPV,1,1.0
53,IDLTKIDRCFQLRGNGV,0,1839.136832
54,NFRFLTEKGMKNVFD,0,2043.59673
55,NRQILDNAAKYVEHD,1,593.26056
56,AGALEVHAVKPVTEE,0,6877.579092
57,SSGKNEGTNIYNNNE,0,20188.425303
58,AAVGATPEAKFDSFV,0,13711.151737
59,WEQIFSTWLLKPGAG,1,72.25886
60,PPLYATGRLSQAQLMPSPPM,1,356.079552
61,YTGRLSQAQLMPSPP,0,1909.627796
62,EITGIMKDLDEPGHL,0,39016.4871693
63,FLTGPLNFTGPCKGD,0,12809.564475
64,KVTAKGVSEANTCAA,0,20053.475936
65,APTGATTAAAGGYKV,0,46728.971963
66,VKGDPVGILYAVFKA,1,99.998
67,KRVSNVIIHGLHLYG,1,178.92075
68,CISMIGLCACVVDVW,0,18796.992481
69,TTSVIPAARLFKAFI,1,175.631689
70,EHGSDEWVAMTKGEG,0,29702.970297
71,EAVSLLCSDKQPCNG,0,18495.68434
72,MIRIIAQGPKATFEA,0,28625.954198
73,SHLIKIPLLIGYGNK,1,40.2876
74,AYPSVLGQTIRNSRW,0,1502.704869
75,DGQGKAVWGKNSCAK,0,31185.031185
76,QVAFSYFPPPAAKED,0,7105.637139
77,LGHRDALEDDLLNRN,0,1635.947213
78,LVLDFCDDALIEGIT,1,410.958904
79,PNESYKKQVTIRIGC,0,2712.967987
80,KDVTFRNITGTSSTP,0,4423.917128
81,DKISDVSTIVPYIGPALNIV,1,162.01026
82,ELYYAIHKASTVLAF,1,124.977088
83,LQSLVSQYFQTVADY,1,1058.150359
84,GAGAAPLSWSKEIYN,0,8384.572387
85,TPAAPAGAEPAGKAT,0,29126.213592
86,ECGGILQAYDLRDAP,1,1284.026708
87,FRDRARVPLTSNNGI,0,4754.358162
88,TVWEQILNTWLVKPG,1,17.283456
89,SLLVAPMPTASTAQI,0,2791.216971
90,TEDQAMEDIKQMEAE,1,1240.596254
91,IIAGTPEVHAVKPGA,0,15511.892451
92,EAAFNKAIKESTGGA,0,33039.647577
93,YLAILVKYVDGDGDV,1,185.512695
94,KSIIIPFIAYFVLMH,1,19.244956
95,YSINNVMDEIDFFEK,1,146.173186
96,ATPPPPPPPQLGASP,0,34642.032333
97,GDTMAEVELREHGSD,0,8542.14123
98,AYVATVSEALRIIAG,0,3178.639542
99,GITIKKTGQALVVGI,1,268.39734392
100,KGSNDHYLALLVKYA,1,190.732923
101,ENVKMEDVGYPIIID,0,5875.440658
102,GATVAVDCRPFNGGE,0,26408.450704
103,RVPLTSNNGIKQQGI,1,839.301701
104,LISRVLDGLVMTTIS,1,38.47762
105,AGIMIFDPYGATISA,0,5152.86843
106,PCKGDSVTIKLDGNL,0,12325.390304
107,DIIFDIYFAILMMSC,1,120.577165
108,TFDGRGAQVYIGNGG,0,18703.241895
109,NSLLFIPDIKLAIDN,1,66.283108
110,KSIIKARVVWKAIIE,1,192.078675
111,INEPTAAAIAYGLDR,0,5689.888581
112,EEVDMTPADALDDFD,0,3489.278026
113,PRGVTHDQLNNFRAG,0,6726.457399
114,AVKPAAEEVKVIPAG,0,28957.528958
115,GEPKGAAESSSKAAL,0,22970.903522
116,LNIKLNMPLYIAGNK,1,154.087953
117,NPRQAYANYRDIDLG,0,11415.525114
118,DFNEFISFCNANPGL,0,2231.478727
119,SVKRSNGSAEVHRGA,0,22091.310751
120,SNMLILNPTQSDSGI,1,496.064555
121,GKSYDALATFTVNIF,1,17.822643
122,QPCNGVTMNDVKIEY,0,3698.224852
123,AALAAAAGVPPADKY,0,19710.906702
124,ATSPTAEGGKATTEE,0,46728.971963
125,LGTCQTLTPMMSSKF,1,977.708252
126,GSDPKKLVLNIKYTR,1,1203.755718
127,GELELQFRRVKCKYP,0,1759.530792
128,YTVFETALKKAITAM,1,692.009596
129,LLNRNNSFKPFAEYK,0,3548.61604
130,EAGKESCFCYFDCSK,0,3652.30095
131,DVFYNGAYFVSSGKY,1,138.394258
132,TSKLDAAYKLAYKTA,1,531.613269
133,PLMSSKFPELGMNPS,1,789.639924
134,LLDILDTAGLEEYSAMRD,1,446.388201
135,VFLGSAYGIPKVPPG,1,863.458439
136,KWHKHYLVCNYGPSG,0,3417.634997
137,CGRRHSVRIRVRSGG,0,31779.661017
138,AITAMSEAQKAAKPA,0,32894.736842
139,FDPYGATIKATPESA,0,3988.300984
140,AKPDGKTDCTKEVEE,0,32894.736842
141,FNIQYVNYWFAPGAA,0,4616.805171
142,GQKYFKGNFQRLAIT,1,86.626087
143,APEDKYEAFVLHFSE,1,1473.043307
144,ASLTEALRVIAGALE,0,1680.295732
145,VTMNDVKIEYSGTNN,1,684.994063
146,SCWRGDSNWAQNRMK,0,11152.416357
147,PNITATYGDKWLDAK,0,4516.711834
148,YFKGNFERLAITKGK,1,348.415869
149,VIPEGWKADTAYESK,0,25083.61204
150,FAGAWCVPKVTFTVE,0,6925.207756
151,QSCRRPNAQRFGISN,0,11970.893594
152,FDISKISGEWYSIFL,1,115.957266
153,TPFPHRKGVLFNIQY,1,1074.498567
154,APQLPDDLMIRVIAQ,0,4655.493482
155,KTGQALVVGIYDEPM,1,1251.91734529
156,EFQVVNPHLLRVLTE,1,835.747716
157,IFGSLAFLPESFDGD,1,5.854648
158,ASEAPPTSHRRASRQ,1,47.689474
159,MVVERLGDYLVEQGM,1,88.6010861908
160,GLNITGVTCGPGHGI,0,39893.617021
161,QSCRRPNAQRFGISNYCQI,1,474.485905
162,SNKAFAEGLSGEPKG,0,1912.045889
163,YVDEHLMCEIEGHHL,0,4883.60897573
164,KLRSAGELELQFRRV,1,546.229198
165,PFPQPQQPFCQQPQR,0,4496.50308
166,NYNCKILPNTLVLDF,1,303.969846
167,GPLLVLQAGFFLLTR,1,16.686985
168,AVFEAALTKAITAMS,1,187.889871
169,KPTAAGPKDNGGACG,0,46728.971963
170,FLPVFLAQPPSGQRR,1,137.344976
171,IPKGDFLTGPLNFTG,1,417.130145
172,KSTNGLRIKSYEDAK,0,41666.666667
173,VKDLKKIITRISAVS,1,502.84948
174,ASDVETAEGGEIHELLRLQ,1,318.384657
175,PRLLYAKSSPAYPSV,0,2149.61307
176,PISVTAPPPQLPRPP,0,13345.19573
177,PTIGVGGNFAGGGFG,0,30181.086519
178,FFLLTRILTIPQSLD,1,1.0
179,YGIAAENVIDVKLVD,1,631.047539
180,PADKYKTLEAAFTVS,0,1768.242367
181,DVKFPGGGQIVGGVYLLPRR,1,47.303801
182,KALYDLQRSAMVYSS,1,1296.680498
183,YLFAKDKSGPLQPGV,0,2333.903843
184,YLTFLPSADEIYDCKV,0,11591.481794
185,ITKGKVDPTDYFRNE,0,21067.41573
186,SDSWLKDSAIMVASD,1,40.054729
187,NPRDAKACVVHGSDLK,0,3147.259105
188,ATATATSAVGAPTGA,0,27075.812274
189,VYGIFYATSFLDLYR,1,1.0
190,GLVPKLDAAYSVAYK,1,236.294896
191,GVLACAIATHAKIRD,1,408.368542
192,FSNVYLFAKDKSGPL,1,729.359136
193,YDSNIMNSINNVMDE,1,17.784375
194,PVTEEPGMAKIPAGE,0,46728.971963
195,VKIEYSGTNNKTMAV,0,15974.440895
196,DDCVAIGTGSSNIVI,0,4560.656735
197,IHKASTVLAFPAGVC,0,1729.106628
198,MGDDHFWAVRGGGGE,0,1638.806949
199,DLGYAPATPAAPGAG,0,10814.708003
200,MYLGTCKTLTPLMSS,1,113.707862
201,EAAFTVSSKRNLADA,1,343.73711
202,AINIFNVEKYGAVGD,1,154.010432
203,VFNYETETTSVIPAA,1,164.408786
204,RLFKAFILDGDNLFP,1,434.12827
205,CKDIKLSDISLKLTS,1,70.815846
206,RMMEYGTTMVSYQPL,0,3965.728523
207,NARILKNCVDAKMTE,0,3950.487227
208,ANWIEIMRIKKLTIT,0,1611.343861
209,ATTEEQKLIEDINAS,0,2874.664622
210,TVWAQSADFPQFKPE,0,2792.19944487
211,DREVVANVIGLSGDS,1,884.486114
212,VSKAPQLVPKLDEVY,1,701.098387
213,IRGTSATAAAIQLKC,1,1262.307498
214,VRSGGHDYEGLSYRS,0,10033.444816
215,EAKYDAYVATVSEAL,1,504.897506
216,TKGEGGVWTFDSEEP,0,9052.504526
217,IVPPADKYRTFVATF,0,5259.467041
218,TLTPMMSSKFPELGM,0,5836.575875
219,VDIKPKDSDEFIPMK,0,1892.266936
220,RFDTNGDGKISLSEL,0,14822.134387
221,LASSCQVAFSYFPPP,1,869.162128
222,IQLKCSDSMPCKDIK,0,6787.330317
223,STGGAYDTYKCIPSL,0,6180.469716
224,EGHHLASAAIFGHDG,1,843.284905822
225,DSNIMNSINNVMDEIDFFEK,1,1440.632845
226,NVWEVKSSKPLVGPF,1,1080.691643
227,VLVPGCHGSEPCIIHR,0,2686.01927
228,KYMVIQGEPGAVIRG,1,134.439620198
229,AFKVENGSAAPQLTK,0,3306.149438
230,AAASVPAADKFKTFE,0,8121.277748
231,YTVALFLAVALVAGP,0,23771.790808
232,HDKKSMGDDHFWAVR,1,673.461141
233,APGDSPNTDGIHIGD,0,46728.971963
234,AWASACGGTGKNTIV,0,32397.408207
235,KDILEDERAAVDTYC,0,1732.781411
236,NRQIMDNSAKYVEHD,1,1000.066671
237,AAPEAARSLASSLPG,0,7878.151261
238,DFREFSRAKGLNQEI,1,456.871345
239,AAGAATTAAGAASGA,0,20661.157025
240,VHRGAVPRRGPRGGP,0,9548.058561
241,KFPELGMNPSHCNEM,0,21802.325581
242,KNYEHIAAYHFDLSG,1,569.735643
243,DTLRSYYADWYQQKPG,1,727.616271
244,AYGIPKVPPGPNITA,0,24271.84466
245,SDYVYQPFPKTVWEQ,1,720.53031
246,KGNFQRLAITKGKVD,0,1764.913519
247,DAAFKIAATAANAAP,0,3598.848369
248,NSCAKNYNCKILPNT,0,22900.763359
249,IFSKNLNIKLNMPLY,0,2684.804009
250,IPAGELQIIDKIDAA,0,6031.363088
251,SADFPQFKPEEITGI,1,959.066707891
252,VDSGAQLGELYYAIH,1,1217.236063
253,KLMNSPEFHLVFGNC,1,510.951391
254,NDFLKTGHYTQMVWA,1,1210.45836
255,PTPLAKEDFLRCLVK,1,66.622548
256,QGEPGAVIRGKKGAG,0,20374.9063958
257,YTDVFSLDPTFTIETT,1,963.081862
258,CDGERPTLAFLQDVM,1,1028.762663
259,SSPDNVKPLYIITPT,0,17688.679245
260,EFIPMKSSWGAIWRI,0,2420.135528
261,EKIQKAFDDIAKYFSK,1,786.389118
262,DCISIGPGSTGLNIT,0,18495.68434
263,GLSGEPKGGAESSSK,0,21367.521368
264,SKLKAEATTDGLGWY,0,4282.043962
265,YYAIHKASPVLAFPA,0,2405.388069
266,DESIFINKLNGAMVE,1,303.195682
267,AIKFDFSTGLIIQGL,1,28.188071
268,IITPTNVSHIQSAVV,0,6538.796861
269,DDGRNIAWDNDKLES,1,750.112517
270,DKKCIEWEKAQHGAC,1,655.479811
271,KIPKKASEGAVDIIN,1,918.498561
272,NGNATPQLTKNAGVL,0,46728.971963
273,LVKYEGDTMAEVELR,1,300.414572
274,GETLLRAVESYLLAH,1,8.206915
275,QLVMKANNSVIMNGA,0,2700.756212
276,FDRSTKVIDFHYPNE,0,15792.439723
277,MADDMERIFKRFDTN,0,12096.774194
278,SGLVWGQKYFKGNFQ,0,2407.704655
279,GRYKDEKDVTDITVK,0,46728.971963
280,EPGHLAPTGMFVAAA,0,11687.3481971
281,AAFTSSSKAATAKAP,0,6471.095772
282,GKKEEKKEEKKESGD,0,10330.578512
283,SKAALTSKLDAAYKL,0,2275.830678
284,GPTATFEAMYLGTCQ,1,1207.243461
285,ATTANVPPADKYKTF,0,46728.971963
286,YGRIAECILGMNPSR,1,174.232396
287,FESTGNLIAPEYGFKISY,1,1349.799738
288,SQDLELSWNLNGLQAY,0,11336.45016
289,HGRQIRMAKLLGRDP,1,72.021549
290,PCVFIKRVSNVIIHG,1,1357.834706
291,DVLFRLENHAETLRA,1,235.697113
292,PQLTKNAGVLTCSLS,1,970.245796
293,AVQVTFTVQKGSDPK,1,1463.843076
294,LFFNHHKVMLLGHDD,1,192.381685
295,VFLGSAHGIPKVPPG,0,8237.23229
296,EVQKVSQPATGAATV,0,2424.830262
297,RQLIKTDISMSMPKF,0,1827.040195
298,ALRVIAGALEVHAVK,1,579.710145
299,TAKAPGLVPKLDAAY,0,1804.836963
300,AQGPKATFEAMYLGT,1,796.220606
301,EPFPKRVWEQIFSTW,1,116.789685
302,KLPWKNESSIKVIKQ,1,177.020393
303,CIEYVTLNASQYANC,1,218.337433
304,APTGMFVAAAKYMVI,1,447.818916421
305,KLPKPPKPVSKMRMATPLL,1,728.571469
306,STVVASVTIIDRSLP,1,55.614466
307,EKVDAAFKVAATAAN,0,11709.601874
308,AVVCGRRHGVRIRVR,0,7804.370447
309,DRPFQLFEFYAREPDV,1,3.631326
310,DITVKNCVLKKSTNG,0,30181.086519
311,HGSEPCIIHRGKPFQLEAV,1,135.087919
312,KLCPNNLCCSQWGWC,0,7092.198582
313,VGAATGAATAATGGY,0,46728.971963
314,CGSTDEYCSPDHNCQ,0,4651.162791
315,GGNFAGGGFGMLLRK,1,337.412273
316,VPGNKKFVVNNLFFN,1,164.174857
317,FVAAAKYMVIQGEPG,1,1122.17956471
318,ATAANAAPANDKFTV,0,33860.045147
319,WLDAKSTWYGKPTAA,0,46728.971963
320,EQCGRQAGGKLCPNN,0,8960.573477
321,KCKYPEGTKVTFHVE,0,8982.035928
322,ATVATAPEVKYTVFE,1,790.972369
323,KGSNPNYLALLVKFV,1,401.219708
324,MGDDGVLACAIATHA,0,4117.607213
325,VDIINRWQVVAPQLP,1,284.916519
326,LHFSEALRIIAGTPE,1,262.004157
327,FDKYGATISATPESA,1,106.430533
328,DALTLRTATNIWIDH,1,465.766185
329,ARRRRASEAPPTSHR,0,12658.890458
330,SCFEIKCTKPEACSG,1,1200.768492
331,VDKIDAAFKIAATAA,1,354.099289
332,NLADAVSKAPQLVPK,0,12658.227848
333,AYSIEFGTNISKEHD,1,130.383205
334,IKYTRPGDSLAEVEL,0,3051.261188
335,GATRERSLWIIFSKN,0,2917.720288
336,THIFAEVLKDAIKDL,1,66.82106
337,YEAFVLHFSEALHII,1,10.150917
338,VQNTVEDLKLNTLGR,1,184.651747
339,LQIIDKIDAAFKVAA,1,780.581408804
340,TIPQSLDSWWTSLNF,1,1342.887489
341,PEKPDSVTPMILKAQK,1,584.635772
342,EICEVVLAKSPDTTC,0,3142.019271
343,RVYCDPCRAGFETNV,0,5738.332058
344,STWYGKPTGAGPKDN,0,46728.971963
345,DPVKLVKMWEDEVKD,0,1757.263355
346,PPTVTIFKISKTVSE,1,196.796159
347,SVAYKAAVGATPEAK,1,934.870676
348,QNRMKLADCAVGFGS,0,2744.73925
349,ITDTTIGTGDDCISI,0,46728.971963
350,LQGPFNFRFLTEKGM,1,356.794558
351,AAGDGNIVAVDIKPK,0,24834.437086
352,IPFVHLGHRDALEDD,1,966.432575
353,HPQDGDALTLRTATN,1,1236.501525
354,APEVKYKVFETALKK,1,51.87296
355,EIDTDGDGFIDFNEF,0,3048.687541
356,GGESFGIVVAWKVRL,0,7953.340403
357,CNANPGLMKDVAKVF,0,12942.191544
358,AASGAATVAAGGYKV,0,46728.971963
359,YKALPVVLENARILK,1,136.773958
360,GVTVKDVTITAPGDS,0,9293.680297
361,EATTDGLGWYKIEID,1,989.968321
362,TDDNEEPIAPYHFDL,0,7267.44186
363,CVDAKMTEEDKENALSL,1,1160.900859
364,WSKDIYNYMEPYVSK,1,565.482922
365,PDNVKPIYIVTPTNA,0,7568.113017
366,AEEVEKIEKTEEPAP,0,11441.647597
367,NAAYNAADHAAPEDK,0,29182.879377
368,AAPAAGYTPATPAAP,0,42735.042735
369,YQSYGPSGQYTHEFD,1,1165.106979
370,SKGDSARVTVKDVTF,0,28735.632184
371,SVRFSWLSLLVPFVQWF,1,24.580614
372,DKLTGPFTVRYTTEG,0,17045.454545
373,LSADQISTVQASFDKVK,1,374.466385
374,NFRFMSKGGMRNVFD,0,9242.144177
375,SDDELPYIDPNMEPV,0,2156.512704
376,WPQQQPFPQPQQPFCQQPQR,1,886.476163
377,GANYFLQISRVNDLN,1,42.357326
378,SSCEVALSYYPTPLA,1,594.766059
379,FTVFEAAFNNAIKAG,1,814.730324
380,IGRIAETILGYNPSA,1,287.473752
381,GEPLSYTRFSLARQV,1,14.04608
382,HYLALLVKYAAGDGN,0,2401.921537
383,GAQLGELYYAIYKAS,1,20.539448
384,AYSDDKSMKVTVAFN,0,8933.88922
385,MSWQTYVDEHLMCEI,1,131.55875771
386,IKGTAPFETHANRIV,0,1995.476919
387,TEAPAAPAEGEKPAE,0,46728.971963
388,APATPAAAGAEAGKA,0,11169.4983251
389,IEFGTNISKEHDGEC,0,3594.799825
390,TPGQCNMVVERLGDY,0,5534.83868217
391,KFTQFAGKDLESIKG,1,61.0692
392,EVVNDVSTFSSGLVW,1,793.77679
393,PGDSLAEVELRQHGS,1,554.610663
394,HRDNIEDDLLNRNNT,1,802.65411
395,DVDLFLTGTPDEYVEQV,1,239.773654
396,AFALVLLFCALASSC,0,5287.275291
397,IFKISKTVSEGAVDI,0,45592.705167
398,KIEIDQDHQEEICEV,1,1174.720025
399,EFVKIVQKRGIVKENI,1,775.594623
400,RNVFDEVIPTAFKIG,1,1364.25648
401,EDDLLNRNNTFKPFA,0,25951.557093
402,MAVHQYTVALFLAVA,1,472.708937
403,FAEYKSDYVYQPFPK,1,1154.112487
404,PASWKNNRIWLQFAK,1,374.812594
405,DINASFRAAMATTAN,0,12437.810945
406,DQAMEDIKQMEAESI,1,303.366279
407,AAATATATAAVGAAT,0,46728.971963
408,ADVQYDLYLNVANRR,1,7.899053
409,RSQPGLCNMYKDSHHPARTA,0,2016.839651
410,DSVTPMILKAQKGGNL,0,8833.922261
411,NSLLTSPLSINTRMT,1,242.891379
412,GKIASCLNDNANGYF,0,1517.450683
413,YTTEGGTKTEAEDVI,0,18891.687657
414,NDVSTYASGKVWGQK,0,4806.151874
415,RGYFKMRTGKSSIMRS,1,911.187414
416,TAAATAPADDKFTVF,0,21337.1266
417,HPDYAILAARIAVSN,1,996.015936
418,LDAAYSVAYKAAVGA,0,1699.909338
419,DKISDVSTIVPYIGP,0,12402.073698
420,KVFLTQMNARGVKVK,1,133.476895
421,LLNAKFFHMNIYECK,1,933.823072
422,LIEKINAGFKAALAA,1,1376.525649
423,GDGKISLSELTDALR,1,138.367449
424,QDHQEEICEVVLAKS,1,693.449216
425,PADKYRTFVATFGAA,1,214.500215
426,RTATNIWIDHNSFSN,0,17301.038062
427,KGDEQKLRSAGELEL,0,1817.961459
428,GLVHVANNNYDPWTI,0,9481.668774
429,PDTTCSEIEEFRDRA,0,9855.453351
430,EPIAAYHFDLSGIAF,0,3812.913066
431,SLSELTDALRTLGST,0,4577.357339
432,ILNTWLVKPGAGIMI,0,2513.826043
433,FKTFEAAFTSSSKAA,1,430.749792
434,ISATPEWATPFPHRK,0,12605.042017
435,ENVLISPVSILSTLS,1,51.340852
436,PCLFMRTVSHVILHG,1,286.922091
437,KSMKVTVAFNQFGPN,1,414.490591
438,FVNQHLCGSHLVEAL,0,11678.846774
439,GEFFWDANDIYRIFA,0,2296.818731
440,QKLIEDVNASFRAAM,0,3434.852301
441,YAGIRRDGLLLRLVD,1,24.380809
442,EVFFQRLGIASGRARY,1,341.296928
443,SRAEVSYVHVNGAKF,1,238.095238
444,VKPLYIITPTNVSHI,1,193.114813
445,ILELAQSETCSPGGQ,0,5026.809651
446,AVWVDGKARTAWVDS,0,17064.846416
447,NYLALLVKFVAGDGD,0,16429.353779
448,PGHGISVGSLGRYKD,0,45731.707317
449,QVPLVQQQQYLGQQQP,1,423.956361
450,YNYMEPYVSKNPRQA,0,8766.803039
451,YPFIEQEGPEFFDQE,0,2054.107606
452,NGILKKLSSIKSKSR,1,743.273376
453,GVWTFDSEEPLQGPF,1,86.987282
454,VPEKYTIGATYAPEE,0,2134.927412
455,ESWGAVWRIDTPDKL,0,3861.99794
456,AYEGQRVVFIQPSPV,1,644.025589
457,EGGNIYTKKEAFNVE,0,8736.167734
458,DPWTIYAIGGSSNPT,0,5490.483163
459,ASAAIFGHDGTVWAQ,0,12384.1143313
460,YEGQRVVFIQPSPVRD,0,1650.346573
461,NRFSYIPNGALKFVD,1,818.777293
462,NKELRLMYVNCVKKN,1,55.957621
463,CGYKDVDKPPFDGMT,0,37974.683544
464,DKVYEILKINSVKYY,1,86.192531
465,KSSKPLVGPFNFRFM,1,286.823336
466,TVAAAPQVKYAVFEA,1,705.450783
467,AAPANDKFTVFEAAF,1,261.57468
468,FAVVDLNKMRAVWVD,0,2963.25563
469,IDVWLGGLAENFLPY,1,239.03479
470,ENVIDVKLVDANGKL,1,1055.817555
471,ALTKAITAMSEVQKV,0,1580.777743
472,DEHIILYLVNFDKDR,1,34.784222
473,YDTYKCIPSLEAAVK,1,639.617624311
474,GMTGCGNTPIFKSGR,0,46728.971963
475,AAHSAAFEDLRVSSY,0,1555.471322
476,ALFKAIEAYLLAHPD,1,8.015869
477,KEPLKECGGILQAYD,1,279.16845
478,AAATAGTTVYGAFAA,0,28071.730702
479,RIDTPEVLKGPFTVR,0,3770.739065
480,SKEHDGECKETVPMN,0,38576.99
481,SVTIKLDGNLLSSND,1,489.364479
482,IGNGGPCLFMRTVSH,0,11952.191235
