0,VKEIPPRLLYAKSSP,0,12690.35533
1,NRQILDNAAKYVEHD,0,2456.197806
2,FSTGLIIQGLKLMNS,0,6137.479542
3,GELELQFRRVKCKYP,0,2466.699556
4,PNESYKKQVTIRIGC,0,12820.512821
5,EALIHQLKINPYVLS,0,7915.597594
6,IDLTKIDRCFQLRGNGV,0,26132.404181
7,DREVVANVIGLSGDS,1,660.822063
8,GLVHVANNNYDPWTI,0,17921.146953
9,EGGAHLVQDDVIPAN,0,46728.971963
10,KYMVIQGEPGAVIRG,1,476.203447625
11,FKSGRGCGSCFEIKC,0,26269.702277
12,QAYAATVAAAPQVKY,0,9708.737864
13,DDCVAIGTGSSNIVI,0,15136.226034
14,SCFEIKCTKPEACSG,0,4534.461911
15,ALEDDLLNRNNSFKP,1,540.345821
16,RVIAQGPTATFEAMY,1,770.89115
17,YKALPVVLENARILK,0,4243.281471
18,VDIKPKDSDEFIPMK,0,30241.935484
19,SKLTYENVKMEDVGY,1,315.218762
20,SLLVAPMPTASTAQI,0,3598.848369
21,NASHCNEMSWIQSIP,1,34.019854
22,PTPLAKEDFLRCLVK,1,24.69526
23,ALHIIAGTPEVHAVK,0,3229.278794
24,KLCPNNLCCSQWGWC,0,33185.840708
25,DEPMVQVEAGKVNHS,0,15974.440895
26,VNYWFAPGAAAAPLS,0,1693.384511
27,FSNVYLFAKDKSGPL,1,611.720566
28,MVVERLGDYLVEQGM,0,5295.76967205
29,GLVPKLDAAYSVAYK,0,3435.639029
30,GEPLSYTRFSLARQV,1,7.880183
31,TVWEQILNTWLVKPG,1,535.656894
32,GSDPKKLVLDIKYTR,0,21037.868163
33,PRGVTHDQLNNFRAG,0,46728.971963
34,RVYCDPCRAGFETNV,0,46728.971963
35,KLIEDINVGFKAAVA,0,4648.280136
36,EPTAAPAEPEAPAPE,0,46728.971963
37,PPTVTIFKISKTVSE,0,4552.352049
38,KSSKPLVGPFNFRFM,0,2048.900423
39,GLNITGVTCGPGHGI,0,46728.971963
40,APTGMFVAAAKYMVI,1,62.6676793353
41,SNKAFAEGLSGEPKG,0,16393.442623
42,KLRSAGELELQFRRV,1,871.434381
43,KSTNGLRIKSYEDAK,0,46728.971963
44,PADKYRTFVATFGAA,1,89.81283
45,PTIGVGGNFAGGGFG,0,5145.797599
46,DINASFRAAMATTAN,0,25817.555938
47,KFPELGMNPSHCNEM,1,174.635884
48,GGNFAGGGFGMLLRK,1,91.155487
49,FDSFVASLTEALRVI,1,21.473451
50,TWQGGSGMASHIIYE,0,8038.585209
51,APEDKYEAFVLHFSE,0,3481.89415
52,YLFAKDKSGPLQPGV,0,8833.922261
53,AYSDDKSMKVTVAFN,0,10653.409091
54,EVIPTAFKIGKTYTP,0,5931.198102
55,YASDVETAEGGEIHE,0,11406.844106
56,EFIPMKSSWGAIWRI,0,6361.323155
57,YKTRPILSPLTKGIL,0,22421.524664
58,AAPLSWSKDIYNYME,0,10845.986985
59,PVVHFFKNIVTPRTPPY,1,841.042893
60,EDDLLNRNNTFKPFA,0,46728.971963
61,NSLLTSPLSINTRMT,1,169.174204
62,LGASPYKLGPSPKAR,0,46728.971963
63,ASKNFHLQKNTIGTG,0,28142.589118
64,KVTAKGVSEANTCAA,0,46728.971963
65,AAKEDFLGCLVKEIP,1,69.538773
66,AAYKLAYKTAEGATP,0,3457.017746
67,SCWRGDSNWAQNRMK,0,15045.135406
68,DLQMVIAGAKSKFPR,0,8370.535714
69,DAAFKIAATAANAAP,0,46728.971963
70,AFKVENGSAAPQLTK,0,10940.919037
71,FAVVDLNKMRAVWVD,0,1634.699215
72,GKKEEKKEEKKESGD,0,46728.971963
73,WKPDTVYTSKLQFGA,0,22123.893805
74,ESYKFIPALEAAVKQ,0,6660.746004
75,ATTEEQKLIEDINAS,0,44642.857143
76,VHRGAVPRRGPRGGP,0,13686.131387
77,MAVHQYTVALFLAVA,1,2.043404
78,KLPWKNESSIKVIKQ,0,3479.47112
79,GEPKGAAESSSKAAL,0,46728.971963
80,KDKWIALKESWGAIW,1,948.586606
81,PCLFMRTVSHVILHG,0,7625.826131
82,ATSPTAEGGKATTEE,0,46728.971963
83,PYGATISATPEWATP,0,6669.630947
84,KFTQFAGKDLESIKG,1,816.548721
85,KSIIKARVVWKAIIE,1,42.45239
86,YSINNVMDEIDFFEK,0,6117.455139
87,YEGQRVVFIQPSPVRD,0,15000.0
88,EIDTDGDGFIDFNEF,0,5427.281251
89,GANYFLQISRVNDLN,1,62.821436
90,TEAPAAPAEGEKPAE,0,46728.971963
91,DIIFDIYFAILMMSC,0,2843.333931
92,LSSNDLAKYKANWIE,0,46728.971963
93,QIRMAKLLGRDPEQS,0,4118.616145
94,CVDAKMTEEDKENALSL,0,22522.522523
95,PGHGISVGSLGRYKD,0,46728.971963
96,RIDTPEVLKGPFTVR,0,7982.969665
97,KGKDKWIELKESWGA,0,46728.971963
98,IVPPADKYRTFVATF,0,5016.722408
99,ITDTTIGTGDDCISI,0,46728.971963
100,TPEAKFDSFVASLTE,0,2084.491384
101,GTKGEAKDVIPEGWK,0,16286.644951
102,KTMAVCTNAKVTAKG,0,46728.971963
103,ATPEAKYDAYVATLS,0,29761.904762
104,LQGPFNFRFLTEKGM,1,284.921931
105,LISRVLDGLVMTTIS,0,14866.204163
106,LGQTIRNSRWSSPDN,1,837.895207
107,GAGAAPLSWSKEIYN,0,13901.76089
108,SDYVYQPFPKTVWEQ,1,122.917571
109,NFRFLTEKGMKNVFD,0,1809.408926
110,AVKPAAEEVKVIPAG,0,46728.971963
111,AAFNNAIKAGTGGAY,0,43731.778426
112,SHLIKIPLLIGYGNK,1,400.994466
113,YVLQAGFFLLTRILT,1,6.704905
114,DFNEFISFCNANPGL,0,3579.098067
115,RGIVKENIIDLTKIDR,0,5116.665369
116,CNANPGLMKDVAKVF,0,41095.890411
117,LLFCALASSCQVAFS,0,3306.878307
118,YFSWLSLLVPFVQWF,1,224.975253
119,YCDMMSLNLTIVSVS,0,21216.407355
120,VIDVKLVDANGTLHD,0,7560.483871
121,AAASVPAADKFKTFE,0,21398.002853
122,PQLTKNAGVLTCSLS,0,33259.423503
123,GDGFIDFNEFISFCN,1,132.752761
124,KGSNDHYLALLVKYA,0,5270.555165
125,VPLYNRFSYIPNGAL,1,404.051288
126,PCKGDSVTIKLDGNL,0,46728.971963
127,GRSYAADAGYAPATP,0,46728.971963
128,GETLLRAVESYLLAH,1,69.977374
129,DVLFRLENHAETLRA,0,1703.384056
130,TVWAQSADFPQFKPE,1,436.172173427
131,EGHHLASAAIFGHDG,0,26621.743403
132,PGPNITATYGGKWLD,0,6631.299735
133,AITAMSEAQKAAKPA,0,46728.971963
134,ATATATSAVGAPTGA,0,46728.971963
135,AAPAAGYTPATPAAP,0,23474.178404
136,LVKYEGDTMAEVELR,1,393.576826
137,DDGRNIAWDNDKLES,0,7915.567282
138,ILSEGNSFTAPNESY,0,20804.43828
139,APATPAAAGAEAGKA,0,6862.11810099
140,RNVFDEVIPTAFKIG,1,781.942345
141,DKLTGPFTVRYTTEG,0,23734.177215
142,RLFKAFILDGDNLFP,0,3960.918933
143,CIEYVTLNASQYANC,1,66.560761
144,VGAATGAATAATGGY,0,46728.971963
145,DITVKNCVLKKSTNG,0,46728.971963
146,DEHIILYLVNFDKDR,0,2149.61307
147,KNTIVIPKGDFLTGP,0,13673.655424
148,GDGKISLSELTDALR,0,36231.884058
149,LGTCQTLTPMMSSKF,1,556.503673
150,NARILKNCVDAKMTE,0,36057.692308
151,PADKYKTLEAAFTVS,0,12145.748988
152,FDKYGATISATPESA,1,119.266274
153,VVAPQLPADLMIRII,1,1368.113827
154,CGRRHSVRIRVRSGG,0,28680.688337
155,KIEIDQDHQEEICEV,1,567.945174
156,YGIAAENVIDVKLVD,0,15657.620042
157,YTVFETALKKAITAM,0,7919.746568
158,GRYKDEKDVTDITVK,0,46728.971963
159,KTLEAAFTVSSKRNL,1,107.226341
160,FAGAWCVPKVTFTVE,0,20053.475936
161,FRDRARVPLTSNNGI,0,46728.971963
162,AAGAATTAAGAASGA,0,46728.971963
163,EGGNIYTKKEAFNVE,0,34090.909091
164,SDSWLKDSAIMVASD,0,2991.180644
165,DESIFINKLNGAMVE,1,1318.101933
166,FLTGPLNFTGPCKGD,0,46728.971963
167,GGESFGIVVAWKVRL,1,1173.617088
168,EFQVVNPHLLRVLTE,1,1482.359917
169,KDILEDERAAVDTYC,0,34802.784223
170,SQWGWCGSTDEYCSP,0,46728.971963
171,SVAYKAAVGATPEAK,0,5239.259518
172,ATPPPPPPPQLGASP,0,35046.728972
173,FNGGESKLKAEATTD,0,46728.971963
174,KGSNPNYLALLVKFV,0,1921.352632
175,EEWEPLTKKGNVWEV,0,46728.971963
176,VDSGAQLGELYYAIH,1,361.907979
177,PDNVKPIYIVTPTNA,0,15657.620042
178,AKEVKYTVFETALKK,1,1.0
179,YDTYKCIPSLEAAVK,0,5558.12935962
180,GITIKKTGQALVVGI,0,7167.11360778
181,AAPANDKFTVFEAAF,1,41.452037
182,SRAEVSYVHVNGAKF,1,949.487277
183,LGHRDALEDDLLNRN,0,10460.251046
184,FETNVSHNVQGATVA,0,46728.971963
185,TDDNEEPIAAYHFDL,0,18495.68434
186,QPCNGVTMNDVKIEY,0,14005.602241
187,IGRIAECILGYNPSR,1,492.821237
188,EAVSLLCSDKQPCNG,0,46728.971963
189,GATVAVDCRPFNGGE,0,7414.730598
190,DKVYEILKINSVKYY,1,93.899065
191,AQGPKATFEAMYLGT,1,165.221893
192,PASWKNNRIWLQFAK,1,1148.281405
193,VALFAVFLGSAHGIP,1,892.432175
194,YSGFLGPLLVLQAGF,1,406.118857
195,YAGIRRDGLLLRLVD,0,2790.178571
196,TKGEGGVWTFDSEEP,0,33112.582781
197,ASLTEALRVIAGALE,0,8228.195283
198,DKKCIEWEKAQHGAC,0,14111.006585
199,MANSRAFALVLLFCA,0,5615.874204
200,AVVCGRRHGVRIRVR,0,7637.474542
201,KIPKKASEGAVDIIN,1,1000.667111
202,AKNMKNLVWNDELAY,1,603.767509
203,DKISDVSTIVPYIGP,0,5653.97663
204,LFFNHHKVMLLGHDD,0,8152.173913
205,CKYGSLKPNCGNKVV,0,46728.971963
206,VPEKYTIGATYAPEE,0,3088.326127
207,IDVWLGGLAENFLPY,1,184.993237
208,KGSNPNYLALLVKYV,1,528.243415
209,TFTVEKGSNEKHLAV,0,10668.5633
210,YLLMWITQCFLPVFL,1,24.765185
211,IKGTAPFETHANRIV,0,46728.971963
212,VFLGSAYGIPKVPPG,1,145.011601
213,QNRMKLADCAVGFGS,0,3112.033195
214,LASSCQVAFSYFPPP,1,35.675213
215,GGSILKISNKYHTKG,0,46728.971963
216,FEAAFNDAIKASTGG,0,46728.971963
217,AEEVKVIPAGELQVI,1,942.566294
218,GDTMAEVELREHGSD,0,2315.172094
219,AAFTSSSKAATAKAP,0,17381.228273
220,GKGTLDGQGKAVWGK,0,40000.0
221,VLAALFAGAWCVPKV,1,734.78985
222,AAPEAARSLASSLPG,0,46728.971963
223,DSVTPMILKAQKGGNL,0,43731.778426
224,SKAALTSKLDAAYKL,0,5905.511811
225,VIIHGLHLYGCSTSV,0,17985.611511
226,LVVGIYDEPMTPGQC,0,28126.9008273
227,AWVDSGAQLGELYYA,0,4449.718185
228,SYVHVNGAKFIDTQN,1,1212.905313
229,EQCGRQAGGKLCPNN,0,46728.971963
230,CDDALIEGITLLNAK,1,641.903458
231,SGHAFGAMAKKGDEQ,0,7278.020378
232,AASGAATVAAGGYKV,0,46728.971963
233,GELQIVDKIDAAFKI,0,4602.638846
234,AKPDGKTDCTKEVEE,0,46728.971963
235,LQSLVSQYFQTVADY,1,4.857368
236,MIRIIAQGPKATFEA,0,11295.180723
237,VSTFSSGLVWGQKYF,1,482.082597
238,PDTTCSEIEEFRDRA,0,30991.735537
239,CGSTDEYCSPDHNCQ,1,899.442346
240,TAAATAPADDKFTVF,0,26408.450704
241,IQLKCSDSMPCKDIK,0,28040.518287
242,DDLMIRVIAQGPTAT,0,46728.971963
243,APGDSPNTDGIHIGD,0,46728.971963
244,PCVFIKRVSNVIIHG,0,12765.957447
245,QGEPGAVIRGKKGAG,0,22465.765791
246,GAEVHIGNGGPCLFM,0,32967.032967
247,NDFLKTGHYTQMVWA,0,7267.44186
248,GIFYATSFLDLYRNP,1,1.0
249,RQLIKTDISMSMPKF,0,2708.070049
250,TSKLDAAYKLAYKTA,1,964.258164
251,ASEGAVDIINRWQVV,1,126.809144
252,VFGNCEGVKIIGISI,0,2682.883205
253,GVTVKDVTITAPGDS,0,34246.575342
254,VQDAATYAVTTFSNV,1,20.890812
255,KEDFLRCLVKEIPPR,0,2856.054836
256,GQKYFKGNFQRLAIT,1,104.859174
257,STWLLKPGAGIMIFD,1,1303.214596
258,PGMAKIPAGELQIID,0,46728.971963
259,APTGATTAAAGGYKV,0,46728.971963
260,SKGDSARVTVKDVTF,0,46728.971963
261,SVKRSNGSAEVHRGA,0,6678.539626
262,KPTAAGPKDNGGACG,0,46728.971963
263,PIVKDASIQVVSAIR,0,18726.59176
264,AASGADGTYDITKLG,0,46728.971963
265,STGGAYDTYKCIPSL,1,768.442623
266,LQFAKLTGFTLMGKG,1,1135.761339
267,EYKSDYVYEPFPKEV,1,28.299217
268,DKGPGFVVTGRVYCD,0,46728.971963
269,VATLSEALRIIAGTL,0,11876.484561
270,EPGHLAPTGMFVAAA,0,15288.8200866
271,GAYFVSSGKYEGGNI,0,4346.566213
272,LGNVLINESFGVEPV,1,300.546996
273,ASTGGAYESYKFIPA,1,494.706639
274,MAAHKFMVAMFLAVA,1,2.4048
275,AVWVDGKARTAWVDS,0,29702.970297
276,PQHMLMRVAVGIHQW,0,3416.078342
277,ILNTWLVKPGAGIMI,1,1111.275745
278,YPFIEQEGPEFFDQE,0,46728.971963
279,LDEVYNAAYNAADHA,0,46728.971963
280,QLGELYYAIHKASPV,1,1171.783454
281,KLMNSPEFHLVFGNC,1,959.14061
282,EGTKVTFHVEKGSNP,0,6827.492035
283,IFSGNMNIKLKMPMY,0,2683.843264
284,QLVMKANNSVIMNGA,0,27472.527473
285,AKAIITPVVFYRSGT,1,141.57087
286,RYANPIAFFRKEPLK,0,2097.902098
287,TPAAPAGAEPAGKAT,0,46728.971963
288,APPPQLPRPPATPPP,0,46728.971963
289,LHFSEALHIIAGTPE,1,662.222418
290,GIVVAWKVRLLPVPP,1,10.939954
291,RELWWVFYAGDRALE,1,4.816227
292,IHKASTVLAFPAGVC,0,3241.140882
293,YYAIHKASPVLAFPA,1,23.734928
294,KEIYNYMEPYVSKNP,1,310.494722
295,GGFMTTAFQYIIDNKG,1,1.703654
296,GGGFGMLLRKYGIAA,1,1497.75337
297,SPKARSERPAIVPPA,0,2393.871688
298,NNLMMIEQYPYVVIM,1,301.62273
299,VKPLYIITPTNVSHI,1,1346.257404
300,ASNPNYLAILVKYVD,0,5349.500713
301,GMNPSHCNEMSWIQS,0,5731.753917
302,DIIEGPVKNVAVPLY,0,46728.971963
303,WEQIFSTWLLKPGAG,1,27.063404
304,PISVTAPPPQLPRPP,1,919.117647
305,TTSVIPAARLFKAFI,1,808.015514
306,VDIINRWQVVAPQLP,1,1393.534002
307,YEAFVLHFSEALRII,1,53.984021
308,GKWLDAKSTWYGKPT,0,7812.5
309,VIPAGELQVIEKVDA,0,42492.917847
310,GVWTFDSEEPLQGPF,1,323.227099
311,IEGITLLNAKFFHMN,0,3041.979315
312,AGSYAADLGYGPATP,0,46728.971963
313,RDCLIAHGAANTITE,0,10402.21914
314,TQCMNIMESIPANTI,1,1461.13384
315,HGRQIRMAKLLGRDP,1,643.749195
316,NDVSTYASGKVWGQK,0,46728.971963
317,EKIQKAFDDIAKYFSK,1,71.583755
318,YVDEHLMCEIEGHHL,0,21932.496812
319,ANGYFSGHVIPACKN,0,8710.801394
320,HDKKSMGDDHFWAVR,0,5222.841226
321,KEPLKECGGILQAYD,0,9596.928983
322,NGILKKLSSIKSKSR,0,18181.818182
323,ITKGKVDPTDYFRNE,0,27675.276753
324,CKDIKLSDISLKLTS,0,12842.465753
325,IRGTSATAAAIQLKC,0,34403.669725
326,IQYVNYWFAPGAGAA,1,395.747038
327,YDSNIMNSINNVMDE,0,25996.533795
328,SNNGIKQQGIRYANP,0,46728.971963
329,NKELRLMYVNCVKKN,1,333.741239
330,AALAAAAGVPPADKY,0,46728.971963
331,VRSGGHDYEGLSYRS,0,10489.51049
332,SFGIVVAWQVKLLPV,1,6.881428
333,DVDLFLTGTPDEYVEQV,0,4322.766571
334,DPWTIYAIGGSSNPT,0,46728.971963
335,SNMLILNPTQSDSGI,0,9380.863039
336,SKGGMRNVFDEVIPT,1,1072.27107
337,PGKYTAYEGQRVVFI,1,690.703136
338,TFDGRGAQVYIGNGG,0,37878.787879
339,AWASACGGTGKNTIV,0,46728.971963
340,LEKISNEIKIVATPD,0,20576.131687
341,FWAVRGGGGESFGIV,1,701.557458
342,YFRNEQSIPPLIKKY,0,9560.229446
343,IPTAFSIGKTYKPEE,0,20026.70227
344,LPVPPTVTVFKIPKK,0,2921.698481
345,SADEVQRMMAEIDTD,0,46728.971963
346,TDALRTLGSTSADEV,0,46728.971963
347,LAKYKANWIEIMRIK,1,909.697374
348,SVLLVVALFAVFLGS,0,13227.513228
349,NNRIWLQFAKLTGFT,1,153.858778
350,QKYVNNTATLLMTSL,1,74.005368
351,SPLTASKLTYENVKM,0,6558.810669
352,AVQVTFTVQKGSDPK,0,9428.032684
353,DGYFLKIKVTAASPM,0,1595.574939
354,NYNCKILPNTLVLDF,0,4274.722143
355,IFSKNLNIKLNMPLY,0,35128.805621
356,YTDVFSLDPTFTIETT,0,9940.357853
357,FTVSFYLRVPKVSAS,1,1.0
358,PNITATYGDKWLDAK,1,991.604416
359,VFNYETETTSVIPAA,0,1994.415636
360,LEAAVKQAYAATVAT,0,19531.25
361,EAKITMLTNGQCQNI,1,1156.515035
362,YRQIRSGERFLKIWS,1,1.0
363,DRPFQLFEFYAREPDV,1,27.684726
364,MKNLVWNDELAYVAQ,0,3920.543649
365,KMPMYIAGYKTFDGR,0,4492.362983
366,LQIIDKIDAAFKVAA,0,3759.47925893
367,YTVALFLAVALVAGP,0,46728.971963
368,YTTEGGTKTEAEDVI,0,40871.934605
369,PDEYVEQVAQYKALP,0,4553.734062
370,VKDLKKIITRISAVS,0,1916.443082
371,AINIFNVEKYGAVGD,1,367.710146
372,AVFEAALTKAITAMS,0,2308.402585
373,LTGYSLFQKEKMVLN,1,857.289821
374,NNKYAASSYLSLTPE,1,3.285158
375,FMVAMFLAVAVVLGL,0,3834.355828
376,IKYTRPGDSLAEVEL,0,46728.971963
377,NVSHIQSAVVCGRRH,0,14150.943396
378,YNYMEPYVSKNPRQA,0,22421.524664
379,ELQVIEKVDAAFKVA,1,399.658958
380,SSGKNEGTNIYNNNE,0,46728.971963
381,KVFLTQMNARGVKVK,1,182.045463
382,AAATATATAAVGAAT,0,46728.971963
383,HPDYAILAARIAVSN,0,3445.89938
384,DDYTEYKLTESIDNI,0,1727.513532
385,YLAILVKYVDGDGDV,1,722.47375
386,EVVNDVSTFSSGLVW,0,3386.769022
387,KGDEQKLRSAGELEL,0,5179.558011
388,RTATNIWIDHNSFSN,0,46728.971963
389,EITGIMKDFDEPGHL,0,46728.971963
390,SQPATGAATVAAGAA,0,46728.971963
391,QKLIEDINASFRAAM,1,360.915281
392,MSMASSSSSSLLAMA,0,1777.883134
393,YFLLTRILTIPQSLD,1,1.0
394,GLSGEPKGGAESSSK,0,46728.971963
395,KHLAVLVKYEGDTMA,0,2892.960463
396,GMTGCGNTPIFKSGR,0,46728.971963
397,DLGYAPATPAAPGAG,0,33407.572383
398,MGKATTEEQKLIEDV,1,541.320823
399,TEAFSTAWQAACKKP,0,4195.804196
400,VPGNKKFVVNNLFFN,1,517.491203
401,SSSSSLLAMAVLAAL,1,585.9375
402,KSMKVTVAFNQFGPN,1,77.723026
403,AEVELRQHGSEEWEP,0,7776.049767
404,YESIDNILVKMFKTN,0,5976.095618
405,AEEVEKIEKTEEPAP,0,46728.971963
406,EAAFTVSSKRNLADA,0,5048.805116
407,IHIGDSSKVTITDTT,0,46728.971963
408,ATTANVPPADKYKTF,0,46728.971963
409,ALKESWGAIWRIDTP,0,4204.035874
410,DVFYNGAYFVSSGKY,1,100.588105
411,ADVQYDLYLNVANRR,1,4.40511327215
412,SADFPQFKPEEITGI,0,11255.0905622
413,GATRERSLWIIFSKN,0,14910.536779
414,ASPMLYQLLEAVYGN,1,2.798218
415,KAIKESTGGAYDTYK,0,26737.967914
416,ARVTVKDVTFRNITG,1,598.014592
417,FDPYGAKISATPESA,0,11177.347243
418,DFREFSRAKGLNQEI,0,13574.660633
419,HPQDGDALTLRTATN,0,30425.963489
420,KKTLRLPKMLETEIV,1,429.381119
421,QKRGIVKENIIDLTKI,1,677.812924
422,RSLWIIFSKNLNIKL,1,829.646018
423,EWATPFPHRKGVLFN,0,10775.862069
424,LIEKINAGFKAALAA,0,13611.615245
425,FNNFTVSFWLRVPKV,1,1.0
426,TVTVFKIPKKASEGA,1,277.541354
427,KALYDLQRSAMVYSS,0,2186.270223
428,ATAANAAPANDKFTV,0,46728.971963
429,ATISATPESATPFPH,0,46728.971963
430,LEAKATFYGSNPRGA,0,34403.669725
431,TVAAAPQVKYAVFEA,1,953.228266
432,NRIMADGGSIQNTNL,0,31120.33195
433,SEPGKYTAYEGQRVVF,0,2264.150943
434,MADDMERIFKRFDTN,0,46728.971963
435,DIDLGRNEVVNDVST,0,12244.897959
436,ESWGAVWRIDTPDKL,0,43103.448276
437,IPFVHLGHRDALEDD,1,95.844808
438,VGNVAWMHVLAAKYI,1,492.012989
