0,YYAIHKASPVLAFPA,0,2723.014922
1,GEPKGAAESSSKAAL,0,46728.971963
2,AAPANDKFTVFEAAF,1,467.700597
3,LEKISNEIKIVATPD,0,1967.419533
4,ATTEEQKLIEDINAS,0,3177.427555
5,GPLLVLQAGFFLLTR,0,5329.354082
6,AGDGDVVAVDIKEKG,0,17337.0319
7,VGNVAWMHVLAAKYI,0,2099.428955
8,TEAFSTAWQAACKKP,0,46728.971963
9,DITVKNCVLKKSTNG,0,46728.971963
10,PCLFMRTVSHVILHG,0,46728.971963
11,KPVSKMRMATPLLMQALP,1,30.136276
12,DVFYNGAYFVSSGKY,0,4779.200918
13,YTTEGGTKTEAEDVI,0,5054.589567
14,GATRERSLWIIFSKN,0,3822.629969
15,LGQQQPFPPQQPYPQ,0,31847.133758
16,KNYEHIAAYHFDLSG,0,1994.574757
17,RTATNIWIDHNSFSN,0,26511.134677
18,ELYYAIHKASTVLAF,1,663.446738
19,KYMVIQGEPGAVIRG,1,913.102150246
20,CNANPGLMKDVAKVF,0,30450.669915
21,DAAFKIAATAANAAP,1,1238.482116
22,ASEAPPTSHRRASRQ,1,666.506705
23,SDSWLKDSAIMVASD,1,705.835851
24,PGKYTAYEGQRVVFI,1,1154.627748
25,GVWTFDSEEPLQGPF,1,554.520451
26,ASDVETAEGGEIHEL,0,1672.464544
27,KEIYNYMEPYVSKNP,0,3554.165482
28,ASDVETAEGGEIHELLRLQ,1,88.158544
29,DKISDVSTIVPYIGP,1,415.21342
30,QKLIEDVNASFRAAM,0,1890.216241
31,LGNVLINESFGVEPV,1,478.844644
32,KHLAVLVKYEGDTMA,0,3589.890867
33,FDRSTKVIDFHYPNE,0,6729.475101
34,AITAMSEAQKAAKPA,0,11910.43354
35,SEFENDEHIILYLVN,1,598.229241
36,DPWTIYAIGGSSNPT,1,1227.475819
37,YKALPVVLENARILK,0,14662.756598
38,LNKMRAVWVDGKART,0,8744.316194
39,KLPWKNESSIKVIKQ,0,24975.024975
40,RKGVLFNIQYVNYWF,0,7496.251874
41,AALAAAAGVPPADKY,1,401.464543
42,TAAATAPADDKFTVF,0,3477.05146
43,EFVKIVQKRGIVKENI,0,8161.932746
44,ASLTEALRVIAGALE,0,3822.045559
45,YFKGNFERLAITKGK,0,9084.302326
46,APEVKYKVFETALKK,0,13881.177124
47,AVKPAAEEVKVIPAG,0,2637.130802
48,AYESYKFIPALEAAV,1,178.283628
49,VGAATGAATAATGGY,0,36818.851252
50,NPRDAKACVVHGSDLK,0,9144.111192
51,KFVDSTVVASVTIID,0,7082.152975
52,APATPAAAGAEAGKA,0,2844.31578928
53,GRSYAADAGYAPATP,0,1576.093809
54,PNESYKKQVTIRIGC,0,9578.544061
55,EAKITMLTNGQCQNI,0,5164.222268
56,APTGATTAAAGGYKV,0,46728.971963
57,FLTGPLNFTGPCKGD,0,46728.971963
58,RIDTPEVLKGPFTVR,0,27870.680045
59,PFPQPQQPFCQQPQR,0,5451.373746
60,LSSNDLAKYKANWIE,1,1349.090713
61,QGEPGAVIRGKKGAG,0,46728.971963
62,IKEKGKDKWIALKES,0,21349.274125
63,IHKASTVLAFPAGVC,1,1122.032225
64,DVNAGFKAAVAAAAN,0,23651.844844
65,INEPTAAAIAYGLDR,1,214.129094
66,TWQGGSGMASHIIYE,0,31847.133758
67,MSMASSSSSSLLAMA,0,13213.530655
68,HYLALLVKYAAGDGN,0,46728.971963
69,GSMAKKGDEQKLRSA,0,46728.971963
70,AQGPKATFEAMYLGT,1,126.935771
71,VDCRPFNGGESKLKA,0,24015.369837
72,IKYTRPGDSLAEVEL,1,1196.859441
73,SPKARSERPAIVPPA,1,1298.094397
74,EFQVVNPHLLRVLTE,0,1663.339987
75,PISVTAPPPQLPRPP,0,3061.099547
76,FLPVFLAQPPSGQRR,0,2144.818119
77,ENALSLLDKIYTSPLC,0,13206.550449
78,GLVHVANNNYDPWTI,0,10845.986985
79,VLAALFAGAWCVPKV,1,1401.345291
80,AEDVIPEGWKADTSY,1,635.437054
81,SSKVTITDTTIGTGD,0,34199.726402
82,CDDALIEGITLLNAK,0,1523.461304
83,MVVERLGDYLVEQGM,1,1071.40160822
84,VQDAATYAVTTFSNV,0,10794.47323
85,YDSNIMNSINNVMDE,1,230.899956
86,AYEGQRVVFIQPSPV,1,935.908955
87,ADVQYDLYLNVANRR,1,990.255882
88,LAKYKANWIEIMRIK,1,914.745701
89,LHFSEALHIIAGTPE,1,1209.42383
90,QPFPKTVWEQILNTW,1,174.104407
91,SEIEEFRDRARVPLT,0,5401.901469
92,IFGSLAFLPESFDGD,1,80.062256
93,DDCVAIGTGSSNIVI,0,6870.019236
94,GKIASCLNDNANGYF,0,4439.708755
95,VRSGGHDYEGLSYRS,0,8087.997412
96,WKPDTVYTSKLQFGA,0,33068.783069
97,TFDGRGAQVYIGNGG,0,46728.971963
98,SNKAFAEGLSGEPKG,0,7543.753772
99,CVPKVTFTVEKGSNE,0,27563.39581
100,VIIHGLHLYGCSTSV,0,13455.32831
101,GANYFLQISRVNDLN,1,410.199193
102,NQEILELAQSETCSP,1,293.530586
103,DKKCIEWEKAQHGAC,0,4927.079227
104,YLTFLPSADEIYDCKV,1,298.642966
105,YLAILVKYVDGDGDV,0,3441.629956
106,YDEPMTPGQCNMVVE,0,7559.29913636
107,VFNYETETTSVIPAA,0,5845.218611
108,DTLRSYYADWYQQKPG,1,892.283532
109,AHGIPKVPPGPNITA,0,32765.399738
110,ILSEGNSFTAPNESY,0,17780.938834
111,AWVDSGAQLGELYYA,1,547.093838
112,LVQDDVIPANWKPDT,0,25380.71066
113,PCRAGFETNVSHNVQ,0,12794.268168
114,NRIMADGGSIQNTNL,0,2505.512127
115,KLRSAGEVEIQFRRV,1,53.730971
116,EEWEPLTKKGNVWEV,0,33377.837116
117,LGQTIRNSRWSSPDN,0,35561.877667
118,LQFAKLTGFTLMGKG,0,46728.971963
119,YGRIAECILGMNPSR,1,234.61315
120,PIVKDASIQVVSAIR,0,2339.509639
121,RSQPGLCNMYKDSHHPARTA,0,4722.327163
122,IQYVNYWFAPGAGAA,0,8884.150675
123,DQAMEDIKQMEAESI,1,32.866066
124,YAHAAHAAHAAHAAHAA,1,1198.084975
125,IPTAFKIGKTYTPEE,0,21258.503401
126,IITPTNVSHIQSAVV,0,3756.009615
127,ILELAQSETCSPGGQ,0,12456.402591
128,IRGTSATAAAIQLKC,0,2514.584591
129,TVAAAPQVKYAVFEA,0,4395.990856
130,TKGEGGVWTFDSEEP,0,4258.218361
131,DEHIILYLVNFDKDR,0,5042.355789
132,GKGTLDGQGKAVWGK,0,46728.971963
133,EAVSLLCSDKQPCNG,1,498.45479
134,AAASVPAADKFKTFE,0,8389.261745
135,QVPLVQQQQYLGQQQP,1,306.48147
136,VVLFAVFLGSAYGIP,1,812.110187
137,YFRNEQSIPPLIKKY,0,10245.901639
138,AAPLSWSKDIYNYME,0,7038.288288
139,IFSGNMNIKLKMPMY,0,41876.046901
140,FVHLGHRDNIEDDLL,1,1016.880212
141,NYNCKILPNTLVLDF,0,1555.790653
142,AKNMKNLVWNDELAY,1,1168.989058
143,YTDVFSLDPTFTIETT,1,10.799029
144,SVLLVVALFAVFLGS,1,748.144601
145,AKRMIAISAKVARDI,0,2057.105242
146,IGRIAETILGYNPSA,1,487.79536
147,EGHHLASAAILGHDG,0,13925.219213
148,GLSGEPKGGAESSSK,0,9252.405625
149,VPLYNRFSYIPNGAL,0,8194.034743
150,TDDNEEPIAAYHFDL,1,1492.98298
151,NDVSTYASGKVWGQK,0,46728.971963
152,CGSTDEYCSPDHNCQ,0,46728.971963
153,GKARTAWVDSGAQLG,0,14359.563469
154,KDILEDERAAVDTYC,1,44.639589
155,AFKVENGSAAPQLTK,0,13102.725367
156,QLVPKLDEVYNAAYN,1,1478.764936
157,KLPKPPKPVSKMRMATPLL,0,9512.937595
158,KVFLTQMNARGVKVK,0,11574.074074
159,ALFKAIEAYLLAHPD,1,545.446612
160,MLLRKYGIAAENVID,1,20.248161
161,AAYKLAYKTAEGATP,0,4990.01996
162,EITGIMKDLDEPGHL,1,1457.15889455
163,GTKGEAKDVIPEGWK,0,12703.252033
164,NRQILDNAAKYVEHD,0,5928.385108
165,CVDAKMTEEDKENALSL,0,15460.729746
166,PEEFAVVDLSKMRAV,0,3657.644477
167,AINIFNVEKYGAVGD,0,5260.942761
168,QDHQEEICEVVLAKS,0,2773.155851
169,PQQPFPQQPQQPYPQ,0,10438.413361
170,AAGDGNIVAVDIKPK,0,4245.202921
171,SHNVQGATVAVDCRP,1,1299.511384
172,GKKEEKKEEKKESGD,0,30193.236715
173,AASGADGTYDITKLG,0,34626.038781
174,AASGAATVAAGGYKV,0,46728.971963
175,SRAEVSYVHVNGAKF,0,7739.93808
176,AAGAATTAAGAASGA,0,46728.971963
177,DVLFRLENHAETLRA,1,554.151705
178,IQNSLSTEWSPCSVT,0,1589.825119
179,SGHAFGAMAKKGDEQ,0,23674.242424
180,PDEYVEQVAQYKALP,0,3833.180006
181,YESIDNILVKMFKTN,0,46728.971963
182,DFNEFISFCNANPGL,1,75.214889
183,SVKRSNGSAEVHRGA,0,46728.971963
184,ALRVIAGALEVHAVK,1,998.601957
185,PGHGISVGSLGRYKD,0,13150.973172
186,ATFEAMYLGTCKTLT,0,3321.376378
187,ELKESWGAIWRIDTP,1,355.517634
188,AAFTSSSKAATAKAP,0,46728.971963
189,GITIKKTGQALVVGI,0,2131.82192029
190,SKAALTSKLDAAYKL,0,29797.377831
191,ASPMLYQLLEAVYGN,1,137.177975
192,KLRSAGELELQFRRV,0,1698.946653
193,WIELKESWGAVWRID,0,3158.958807
194,LDEVYNAAYNAADHA,1,931.410901
195,ESWGAVWRIDTPDKL,1,720.129047
196,APEVEYTVFETALKK,1,308.067676
197,EISTNIRQAGVQYSR,1,509.216825
198,GIVVAWKVRLLPVPP,1,244.515517
199,NFRFMSKGGMRNVFD,0,21815.008726
200,TTSVIPAARLFKAFI,0,7456.009544
201,APGDSPNTDGIHIGD,0,30562.347188
202,NSLLTSPLSINTRMT,0,9527.439024
203,SSPDNVKPLYIITPT,0,1961.55355
204,GILQAYDLRDAPETP,0,2070.736354
205,SLLVAPMPTASTAQI,0,5104.124132
206,IDLTKIDRCFQLRGNGV,0,23832.221163
207,YVYEPFPKEVWEQIF,1,16.007971
208,ANGYFSGHVIPACKN,0,32552.083333
209,PRGVTHDQLNNFRAG,0,7550.588946
210,FVAGAKYMVIQGEPG,0,3863.89542534
211,DGYFLKIKVTAASPM,1,303.423835
212,VDIKPKDSDEFIPMK,0,22361.359571
213,FMVAMFLAVAVVLGL,0,2995.805872
214,AKKYFAATQFEPLAA,1,527.615389
215,PLSWSKEIYNYMEPY,1,111.558834
216,PQHMLMRVAVGIHQW,0,10351.966874
217,PDTTCSEIEEFRDRA,1,737.115226
218,KWHKHYLVCNYGPSG,0,46728.971963
219,SKLKAEATTDGLGWY,0,1998.241547
220,DVKFPGGGQIVGGVY,0,6591.088848
221,AAATAGTTVYGAFAA,1,106.20266
222,EPFPKRVWEQIFSTW,1,353.716857
223,IFKISKTVSEGAVDI,0,9342.301943
224,VPRRGPRGGPGRSYA,0,6214.267959
225,SKEHDGECKETVPMN,0,22665.457842
226,EALIHQLKINPYVLS,1,1364.711433
227,DESIFINKLNGAMVE,0,9031.791908
228,EKIQKAFDDIAKYFSK,0,1890.645088
229,APEDKYEAFVLHFSE,1,180.459812
230,WLDAKSTWYGKPTAA,0,46728.971963
231,QSCRRPNAQRFGISN,0,46728.971963
232,LTGYSLFQKEKMVLN,1,717.421873
233,STVVASVTIIDRSLP,1,304.051178
234,ISATPEWATPFPHRK,0,2154.24386
235,SNPKFENIAEGLRAL,1,47.678169
236,NKICTSKGDSARVTV,0,46728.971963
237,ASTGGAYESYKFIPA,0,3766.762091
238,SVRFSWLSLLVPFVQWF,1,127.557528
239,ATTANVPPADKYKTF,0,6222.000996
240,VFLGSAYGIPKVPPG,0,5338.458253
241,VKDLKKIITRISAVS,1,953.43427
242,LQSLVSQYFQTVADY,1,554.962491
243,EEVDMTPADALDDFD,1,38.278039
244,SLSELTDALRTLGST,0,29726.516052
245,SWIQSIPFVHLGHRD,0,13027.618551
246,YFPPPAAKEDFLGCL,0,6666.666667
247,LQIIDKIDAAFKVAA,0,1870.31608577
248,THIFAEVLKDAIKDL,1,296.49308
249,LLDILDTAGLEEYSAMRD,1,91.338214
250,GMTGCGNTPIFKSGR,0,46728.971963
251,TPAAPAGAEPAGKAT,0,9912.767645
252,RVIAQGPTATFEAMY,1,10.614634
253,FEAMYLGTCQTLTPM,1,670.834787
254,IQLKCSDSMPCKDIK,0,27262.813522
255,YDTYKCIPSLEAAVK,0,7038.4891248
256,RFDTNGDGKISLSEL,0,12671.059301
257,SGFLGPLLVLQAGFF,1,84.316748
258,AEVELRQHGSEEWEP,0,5095.80106
259,KNVLKVGRLSAEELM,1,15.6869675604
260,MADDMERIFKRFDTN,0,21186.440678
261,GEVEIQFRRVKCKYP,0,18234.865062
262,DFREFSRAKGLNQEI,0,5880.969184
263,ANGKLHDKKSMGDDH,0,46728.971963
264,VALFAVFLGSAHGIP,0,1564.259792
265,SDYVYQPFPKTVWEQ,0,46728.971963
266,DPVKLVKMWEDEVKD,0,20559.210526
267,ASAAIFGHDGTVWAQ,0,7836.46541536
268,RNITGTSSTPEAVSL,0,2605.252188
269,AGSYAADLGYGPATP,1,1148.316568
270,DVDLFLTGTPDEYVEQV,1,98.706939
271,ASNPNYLAILVKYVD,1,553.697593
272,PVVHFFKNIVTPRTPPY,1,460.108586
273,VKGDPVGILYAVFKA,0,2032.520325
274,PNITATYGDKWLDAK,1,1054.185115
275,FKKWCGMLSTKSIDL,1,1331.203408
276,GEPLSYTRFSLARQV,0,3587.315253
277,LVKFVAGDGDVVAVD,1,530.020353
278,NPRQAYANYRDIDLG,0,7046.223224
279,ENVLISPVSILSTLS,0,2265.724125
280,EPTAAPAEPEAPAPE,1,1265.566468
281,DIIEGPVKNVAVPLY,0,3404.139434
282,GAQLGELYYAIYKAS,1,1362.100904
283,MGEAVQNTVEDLKLN,0,5973.715651
284,FGHDGTVWAQSADFP,1,56.4525677587
285,SQDLELSWNLNGLQAY,1,281.56641
286,PEVKYAVFEAALTKA,0,3337.338139
287,FKSGRGCGSCFEIKC,0,28473.8041
288,GATVAVDCRPFNGGE,1,964.803952
289,SSGKNEGTNIYNNNE,0,46728.971963
290,KGDEQKLRSAGELEL,1,540.517167
291,RDCLIAHGAANTITE,0,1548.467018
292,FDSFVASLTEALRVI,1,92.267606
293,RQLIKTDISMSMPKF,0,7004.763239
294,GETLLRAVESYLLAH,1,1203.311513
295,GGGFGMLLRKYGIAA,0,36179.450072
296,GQKYFKGNFQRLAIT,0,5146.150679
297,CIEYVTLNASQYANC,1,480.132132
298,IAFFRKEPLKECGGI,0,3389.830508
299,VVAPQLPADLMIRII,0,4682.524817
300,EPIAAYHFDLSGIAF,1,939.425823
301,WITQCFLPVFLAQPP,1,727.357365
302,GAMAKKGQEDKLRKA,0,46728.971963
303,LQPETFAVVDLNKMR,1,1288.327751
304,QLVMKANNSVIMNGA,0,11322.463768
305,DLQMVIAGAKSKFPR,0,3545.09359
306,EAKYDAYVATVSEAL,1,137.780521
307,PTLAFPAGVCPTIGV,0,9811.616954
308,MAAHKFMVAMFLAVA,1,770.368544
309,EAGKESCFCYFDCSK,1,1474.926254
310,VFGNCEGVKIIGISI,0,11842.728565
311,WPQQQPFPQPQQPFC,1,701.675601
312,TPESATPFPHRKGVL,0,46728.971963
313,DREVVANVIGLSGDS,1,1104.435413
314,STWLLKPGAGIMIFD,0,5036.26108
315,EVVNDVSTFSSGLVW,0,1511.395925
316,CDGERPTLAFLQDVM,1,161.593702
317,MSSKFPELGMNASHC,0,46728.971963
318,KLCPNNLCCSQWGWC,0,13912.075682
319,KGSNPNYLALLVKFV,0,5329.354082
320,NGILKKLSSIKSKSR,0,17568.517217
321,TQCMNIMESIPANTI,1,1244.524094
322,LKTRPILSPLTKGIL,0,4580.432393
323,PIIIDQKYCPNKICT,0,6580.679126
324,TPEKEEPTAAPAEPE,1,607.533414
325,PCKGDSVTIKLDGNL,0,13068.478829
326,RVWEQIFSTWLLKPG,0,8753.501401
327,ARVTVKDVTFRNITG,0,13888.888889
328,VWRIDTPDKLTGPFT,1,1144.16476
329,AAATATATAAVGAAT,0,13269.639066
330,FWAVRGGGGESFGIV,0,3891.656289
331,DRPFQLFEFYAREPDV,0,3943.839722
332,FVNQHLCGSHLVEAL,1,1042.318115
333,LASSCQVAFSYFPPP,1,1177.135323
334,EGTKVTFHVEKGSNP,0,46728.971963
335,VDGIIAAYQNPASWK,0,2706.213466
336,DDYTEYKLTESIDNI,1,152.667094
337,KALYDLQRSAMVYSS,0,5178.127589
338,SFGIVVAWQVKLLPV,1,12.615679
339,YRSLQPEEFAVVDLS,1,531.541683
340,VPEKYTIGATYAPEE,0,1595.507052
341,NLADAVSKAPQLVPK,0,16778.52349
342,EVFFQRLGIASGRARY,0,3517.163759
343,MKDFDEPGHLAPTGM,0,8618.38830953
344,APYHFDLSGHAFGAM,0,18315.018315
345,EKKDFAATQFEPLAA,1,1011.858987
346,KFTQFAGKDLESIKG,0,32509.752926
347,KSSKPLVGPFNFRFM,0,27173.913043
348,SVAYKAAVGATPEAK,0,2914.772065
349,MASSSSVLLVVVLFA,1,691.639462
350,AAGVPPADKYRTFVA,0,4598.969831
351,AADHAAPEDKYEAFV,0,3191.625176
352,NNKYAASSYLSLTPE,1,66.108534
353,LSADQISTVQASFDKVK,0,3889.839739
354,EATTDGLGWYKIEID,1,971.74175
355,ATAANAAPANDKFTV,0,9441.087613
356,RGYFKMRTGKSSIMRS,0,4562.876437
357,FLAVALVAGPAGSYA,0,1765.287389
358,FESTGNLIAPEYGFKISY,1,258.016575
359,YQSYGPSGQYTHEFD,1,270.214767
360,LPVPPTVTVFKIPKK,0,46728.971963
361,TATYGGKWLDAKSTW,0,46728.971963
362,IKGTAPFETHANRIV,0,19531.25
363,PADKYKTLEAAFTVS,0,1804.66325
364,CTNAKVTAKGVSEAN,0,4774.637128
365,YVQIVRQIRSGERFL,0,2145.922747
366,SPLTASKLTYENVKM,0,26567.481403
367,AAVGATPEAKFDSFV,1,277.743831
368,KIEIDQDHQEEICEV,1,87.903124
369,KFWGKYLYEIARRHP,1,351.216097
370,GEFFWDANDIYRIFA,1,47.924119
371,LVDANGTLHDKKSMG,0,46728.971963
372,KSIIIPFIAYFVLMH,1,857.662355
373,SNNGIKQQGIRYANP,0,6587.615283
374,LISRVLDGLVMTTIS,0,3404.603023
375,EITGIMKDFDEPGHL,1,876.28075245
376,SKLTYENVKMEDVGY,1,432.01023
377,KSTNGLRIKSYEDAK,0,46728.971963
378,RSLRTVTPIRMQGGY,1,310.323854
379,SDDELPYIDPNMEPV,0,1726.741048
380,TIPQSLDSWWTSLNF,0,1644.30413
381,ALTKAITAMSEVQKV,0,1535.720867
382,MANSRAFALVLLFCA,0,31172.069825
383,TKPEACSGEPVVVHI,0,14442.518775
384,AYSIEFGTNISKEHD,0,8954.154728
385,YHFDLSGIAFGSMAK,0,46728.971963
386,DDGRNIAWDNDKLES,0,6122.948812
387,FFLLTRILTIPQSLD,1,207.06163
388,GAEVHIGNGGPCLFM,0,25987.525988
389,NAGFKAALAAAAGVP,0,1974.879532
390,QFKPEEITGIMKDLD,1,613.48888792
391,DHTNFKYNYSVIEGG,0,2756.947508
392,DEPTLLYVLFEVFDV,0,16339.869281
393,KAAVAAAASVPAADK,1,838.616618
394,VWGQKYFKGNFERLA,1,734.840246
395,NDFLKTGHYTQMVWA,0,7403.020432
396,EHGSDEWVAMTKGEG,0,16307.89302
397,LVAGPAGSYAADLGY,1,89.880854
398,NMVVERLGDYLVEQG,1,629.353824504
399,LLNRNNSFKPFAEYK,0,46728.971963
400,AWASACGGTGKNTIV,0,46728.971963
401,STWYGKPTGAGPKDN,0,46728.971963
402,EGGAHLVQDDVIPAN,1,549.680086
403,LCSDKQPCNGVTMND,0,13751.375138
404,MIRIIAQGPKATFEA,0,1958.173416
405,DKVYEILKINSVKYY,1,879.352796
406,EKIEENGSMRVFVDVI,1,721.375808
407,INKWQVVAPQLPADL,1,109.657299
408,TEAPAAPAEGEKPAE,0,17618.040874
409,GVLACAIATHAKIRD,1,829.049909
410,VVLGLATSPTAEGGK,0,6341.958397
411,YAGIRRDGLLLRLVD,1,106.602535
412,GLNITGVTCGPGHGI,0,4111.842105
413,SADEVQRMMAEIDTD,1,218.831788
414,CGYKDVDKPPFDGMT,0,37091.988131
415,TVWEQILNTWLVKPG,0,2292.526364
416,CGRRHSVRIRVRSGG,0,21872.265967
417,FAEYKSDYVYQPFPK,1,308.581021
418,AGIMIFDPYGATISA,0,12419.274714
419,PGMAKIPAGELQIID,0,1944.46605
420,AKSSPAYPSVLGQTI,0,2016.454267
421,PTIGVGGNFAGGGFG,0,9701.202949
422,DEPMVQVEAGKVNHS,0,8194.034743
423,GWDLNAASAYCSTWD,0,2507.019655
424,FEAAFNDAIKASTGG,0,28868.360277
425,KQAYAATVATAPEVK,0,3984.698757
426,LNIKLNMPLYIAGNK,0,5803.156917
427,HPDYAILAARIAVSN,1,956.97443
428,YSINNVMDEIDFFEK,1,7.3576127922
429,ILPNTLVLDFCDDAL,1,124.782878
430,ANWIEIMRIKKLTIT,0,12748.597654
431,RLFKAFILDGDNLFP,1,169.940861
432,LGTCQTLTPMMSSKF,0,15470.29703
433,KQQGIRYANPIAFFR,1,164.357985
434,RCLVKEIPPRLLYAK,1,1221.239803
435,PANDKFTVFEAAFNN,1,1192.122455
436,LFFNHHKVMLLGHDD,0,20275.750203
437,LNEDLRSWTAADTAY,0,3185.528344
438,KLIEDINVGFKAAVA,0,7181.844298
439,HGRQIRMAKLLGRDP,0,46728.971963
440,CKDIKLSDISLKLTS,0,36603.221083
441,YVDEHLMCEIEGHHL,0,6162.53870728
442,LGHRDALEDDLLNRN,0,1874.062969
443,KTGQALVVGIYDEPM,1,33.8758945535
444,PASWKNNRIWLQFAK,0,22084.805654
445,DSVTPMILKAQKGGNL,0,22143.489814
446,GRYKDEKDVTDITVK,0,46728.971963
447,GELQIVDKIDAAFKI,0,3922.183872
448,FDKYGATISATPESA,1,1111.160496
449,SGTNNKTMAVCTNAK,0,32520.412829
450,AYVATVSEALRIIAG,0,1642.251856
451,ASEGAVDIINRWQVV,0,5016.051364
452,KNVFDDVVPEKYTIG,0,7735.148515
453,SCWRGDSNWAQNRMK,0,46728.971963
454,APTGMFVAAAKYMVI,1,1053.43519607
455,GVTVKDVTITAPGDS,0,18782.870023
456,EGGNIYTKKEAFNVE,0,46728.971963
457,DKLTGPFTVRYTTEG,0,6292.474201
458,AAHSAAFEDLRVSSY,1,1402.996801
459,LGASPYKLGPSPKAR,0,28506.27138
460,YTVFETALKKAITAM,0,6259.389084
461,DVKFPGGGQIVGGVYLLPRR,1,150.575197
462,EIDTDGDGFIDFNEF,1,335.502919
463,ATPPPPPPPQLGASP,0,5701.254276
464,DINASFRAAMATTAN,1,1436.203826
465,AIKFDFSTGLIIQGL,0,4829.051574
466,KPTAAGPKDNGGACG,0,46728.971963
467,YRQIRSGERFLKIWS,1,319.321506
468,GLVPKLDAAYSVAYK,0,6295.643415
469,DIIFDIYFAILMMSC,0,2326.663564
