0,ANKIVYTVKVEPHTG,1,64.042624
1,TFTVEKGSNEKHLAV,0,8171.092169
2,IHVLTTPGLNHAFSS,1,101.437232
3,DGDLKRLRDLNQAVN,1,76.064018
4,KLFEFNRNAIKTLQN,1,61.230296
5,GPATPAAPAAGYTPA,1,489.62906
6,IISTFHLSIPNFNQY,1,46.826084
7,KSYVKSKLKLLKGSE,1,1196.331131
8,QKRTLSLLQYARYPI,1,698.190052
9,KVFLTQMNARGVKVK,1,22.973051
10,TAVAKCNEKHDEEFC,1,15.676393
11,ELGEWVFSAIKSPQA,0,13906.949509
12,KYDAYVATLSEALRI,1,149.970974
13,YNFATCGLIGLVTFL,0,5665.809516
14,QKYCPNKICTSKGDS,0,8062.341819
15,CLFLLPSLATVAYFN,1,840.429505
16,WLDAKSTWYGKPTAA,0,16687.539144
17,NKYLEEHPSAGKDPK,1,459.745273
18,FDRLETLILLRAFTE,1,828.803952
19,DPWTIYAIGGSSNPT,1,279.010851
20,FRAAMATTANVPPAD,1,802.751862
21,LDAYNMMISAGFSLW,1,1127.69001
22,SKSDDQIWLSQWFMN,1,643.215394
23,VSLIAALKGMINLWK,1,778.003843
24,DIIEGPVKNVAVPLY,0,5103.761995
25,IWDYKREAPAHVSTI,0,46783.625731
26,KAFAEGLSGEPKGGA,1,786.939483
27,SGPLKAEIAQRLEDV,0,20893.284066
28,QPFPKTVWEQILNTW,1,1105.612758
29,EEIRRIWRQANNGDD,1,958.835177
30,EVIPTAFKIGKTYTP,1,558.420053
31,LSYYKLGASQRVGTD,1,22.246056
32,QYDVIIQHPADMSWC,0,13240.07948
33,PISVTAPPPQLPRPP,0,9239.082679
34,KWVQMCSRTLKNSHQ,1,44.328137
35,LHRVVLLESIAQFGD,1,11.983482
36,TWQGGSGMASHIIYE,0,3822.419535
37,KSILLIMNANTLMGR,1,7.957733
38,TVFLLVIVELIPSTSSA,1,480.26705
39,VDIMVRDGQLTIKAE,1,133.528736
40,EAAFNKAIKESTGGA,0,1546.938158
41,LLFCALASSCQVAFS,1,33.66806
42,CHTGVGPNMSCDDVV,0,33798.849139
43,LGASPYKLGPSPKAR,1,6.049257
44,DAPYMVGDVITSGDI,1,768.811151
45,DYFVLTSHTVMPLSA,1,14.625605
46,DHTNFKYNYSVIEGG,1,765.11752
47,ELKESWGAIWRIDTP,1,1391.484057
48,LFFNHHKVMLLGHDD,1,148.238291
49,EICEVVLAKSPDTTC,1,160.737922
50,SNMLILNPTQSDSGI,1,322.989843
51,LTKKGNVWEVKSSKP,0,46783.625731
52,GIVVAWKVRLLPVPP,0,4440.521831
53,MGMFNMLSTVLGVSI,0,3357.941725
54,GLHLMIGLAKRSQDS,1,1009.189738
55,WKSDMSKLLNLKSDL,1,30.817653
56,PSVFINPISHTSYCY,1,418.183891
57,RVSDVSVLMKEYDVS,1,173.986588
58,RLKSLVNDLTDKNNLLE,1,783.892959
59,KSEVYEKGLGKFVKT,1,27.03285
60,TASWFTALTQHGKEE,1,59.807007
61,AGDGDVVAVDIKEKG,0,8401.5168
62,GSFVRTVSLPVGADE,1,3.607295
63,MADDMERIFKRFDTN,1,71.193078
64,VPFNVAQAYCIGKLK,1,25.03129
65,CDPKRYFVPIFSEAV,1,7.958117
66,NDFLKTGHYTQMVWA,1,1021.243902
67,ANGYFSGHVIPACKN,1,214.291895
68,EGATPEAKYDAYVAT,1,876.011322
69,RIDTPEVLKGPFTVR,0,4640.472469
70,SDLLTNSVIIMAYVT,1,457.924353
71,GTLVKTITNDQIEVT,1,905.178935
72,GPGSTGLNITGVTCG,0,6468.020121
73,NAAYNAADHAAPEDK,1,100.514089
74,VVAPQLPADLMIRII,0,1568.718676
75,PEVKYAVFEAALTKA,1,156.406498
76,FELLNAPATVCGPKL,1,635.679772
77,MDVNPTLLFLKVPAQ,1,687.181994
78,QVNTSKTGINENYAK,0,14004.216779
79,EFESLFKCLSHISLS,1,915.466919
80,NNQNFFWAVKPKVVR,1,675.631089
81,SGIAFGSMAKKGDEQ,0,16161.09292
82,DLGYAPATPAAPGAG,1,160.968871
83,PSSGCYIHFFREPTD,1,1300.139987
84,KLNKFVSPKSVVGNF,1,53.797313
85,MSLLTEVETYVLSII,0,3326.507294
86,QFKRASPILRFLYAN,1,6.7002
87,KQQGIRYANPIAFFR,1,21.999613
88,KLLPVPPTVTIFKIS,0,4486.882773
89,YPIILRLGSQLSLSM,1,10.6328159025
90,GFIGLCKTLGSRCVR,1,121.154435
91,THMMIWHSNLNDATY,1,797.836234
92,YEYKVQQAMSNLVLG,1,28.432461
93,APYHFDLSGHAFGAM,1,62.191434
94,LITPAEKVVYKLLRF,0,3666.244698
95,SVAYKAAVGATPEAK,1,57.733792
96,TCEICALKPKIIYCN,1,10.937013
97,SGGNHMLLDGVSVVA,1,56.663272
98,IAATAANAAPTNDKF,0,6313.116911
99,QKLLLEEGVPSHIMS,1,17.384901
100,QIRMAKLLGRDPEQS,0,5932.63547
101,ELQHIILNASYITPY,1,1.037903
102,GKNERELATLHHLNP,0,35744.443183
103,TYSQLMTLKDAKMLQ,1,2.712965
104,RWLLIEILKASKSML,1,3.43405
105,KYMVIQGEPGAVIRG,1,31.6950979975
106,DVEMTKEASREYEDK,0,2320.169348
107,RLKGVTCRPLKHKVE,0,2000.423829
108,SILKWHLHKVVEVPI,1,693.870806
109,KTLILLETFVRVNPD,1,119.895236
110,SSLGVDDVGTPELEL,1,240.331249
111,ELLEFHYYLSSKLNK,1,239.951371
112,AVVCGRRHGVRIRVR,1,701.461535
113,AITAMSEAQKAAKPA,1,866.306662
114,PGHGISVGSLGRYKD,1,936.014386
115,KKTLRLPKMLETEIV,0,20126.184217
116,FDISKISGEWYSIFL,0,11098.43351
117,GILQAYDLRDAPETP,1,386.346567
118,ATTEEQKLIEDINAS,1,1069.121451
119,ASRELERFAVNPGLL,1,89.629507
120,SRTIYRGVSPSTTRLES,1,436.580141
121,LFKEKEVKKEIKDPL,1,1.0
122,VPKKKKDKDIPQSSE,0,22403.954199
123,ASLTEALRVIAGALE,1,908.266156
124,RICCEPKKTTNAEFT,1,943.871968
125,VLTIKAPNVISSKIS,1,340.130703
126,GTKGEAKDVIPEGWK,0,28362.375321
127,CQFLKVEKSQLLNEF,0,15083.067778
128,MASSSSVLLVVALFA,1,1259.837146
129,RRIFGVFKNPCTSHG,1,101.884003
130,YFKGNFERLAITKGK,1,99.224633
131,PKGFYASPSVKTSLV,1,97.342096
132,LRKDYIKRQGSTPLA,1,46.621363
133,REEHYIVLSSELRLS,1,750.266364
134,FFVFLALAGRSCTEE,1,173.178224
135,NCVLKKSTNGLRIKS,1,393.375645
136,ECYVQRFHLIKNTFG,1,9.321386
137,KGKDKWIELKESWGA,0,38802.36
138,MLRIMASLVLARKHN,1,580.453302
139,RSKFLLMDALKLSIE,1,699.873389
140,IIPDGYKLIDNSLIL,1,46.624788
141,RQAEPSLYGRHNCRC,0,1530.617583
142,WVFSSVQPPKVPILL,1,665.399262
143,NKVKSLRILNTRRKL,1,1.717172
144,YDTYKCIPSLEAAVK,1,58.8043319068
145,SHELMTMTRPILRLL,1,6.28508
146,DVFYNGAYFVSSGKY,1,724.383369
147,RLKGKSCDDWLGGSV,0,6847.681236
148,HDYEGLSYRSLQPET,0,11320.532537
149,PRGVTHDQLNNFRAG,1,869.777722
150,AIFVHGPTTVESHGN,0,2358.075785
151,GKSYDALATFTVNIF,1,130.806047
152,TEAPAAPAEGEKPAE,0,36493.175773
153,AAGVPPADKYRTFVA,0,9284.6481
154,GATVAVDCRPFNGGE,1,302.998171
155,VSLIAIIKGIVNLYK,1,1027.821088
156,PSINDLDEVISNKFH,1,1011.263636
157,APGAAAAPLSWSKDI,0,4430.578165
158,TPGQCNMVVERLGDY,1,788.840108869
159,TFDGRGAQVYIGNGG,1,970.593603
160,CTSVVLLSVLQQLRV,1,1149.105732
161,KIEIDQDHQEEICEV,0,5512.381352
162,EIPSFRWTQSLRRGL,1,93.225
163,LKNCVDAKMTEEDKE,0,31205.574623
164,KVKSLKLLNTRRRQL,1,652.508162
165,FKTFEAAFTSSSKAA,0,6524.530228
166,KLKFNSVIVNPSLNG,1,1.257087
167,YVENGLISRVLDGLV,1,493.774372
168,IHIGDSSKVTITDTT,0,7945.510574
169,DRVVFVLWAHGFELT,0,2697.242846
170,GAIWRIDPKKPLKGP,0,2457.734913
171,GVFHELPSLCRVNNS,1,6.552548
172,FAPFSKDNSIRLSAG,1,570.583235
173,DNIFIPSVITKSGKK,1,195.261959
174,KVTFLSQVHPSPLLT,1,1.0
175,VVLFAVFLGSAYGIP,1,1238.544729
176,EVKSFQWTQALRREL,1,47.564312
177,NYLALLVKFVAGDGD,0,1998.035585
178,SWIRSCPDLKDCLID,0,25065.511114
179,EKMFVSPTPGQRNPY,1,5.005294
180,LMSTRRVLEREQIPT,0,1511.099812
181,DDDYGEPIIITSYLQ,1,372.002816
182,VCGVSAARLTPCGTG,0,2828.774952
183,LEKISNEIKIVATPD,1,1041.946497
184,ATERFRWLLIDLLRE,0,12167.388335
185,IRGTSATAAAIQLKC,1,1138.896555
186,LMCEIEGHHLASAAI,1,1060.43411431
187,SRAEVSYVHVNGAKF,1,18.014549
188,LSKDGCTSAKGPDYK,0,9269.795493
189,SVYLSDNGVMSEQGS,1,8.746174
190,VSIISILKGVINIWG,1,1421.663944
191,TFKNAHAKKPEVVVL,1,89.74143
192,AWASACGGTGKNTIV,0,14681.337933
193,DITVKNCVLKKSTNG,0,2968.901037
194,IFKISKTVSEGAVDI,1,848.987861
195,SPLLTEGFKLLSSLV,1,4.701615
196,FKVAATAAATAPADD,1,63.10674
197,LGAWVLGEPKMTKAL,1,12.432702
198,PDTTCSEIEEFRDRA,0,13533.492696
199,IHSLRRLYPSVFEKH,0,2696.572447
200,AKAIITPVVFYRSGT,1,588.894616
201,ASPMLYQLLEAVYGN,1,110.275541
202,EITGIMKDLDEPGHL,1,370.907232456
203,HLFKTTVNSLISDQL,1,7.732744
204,GRKTRSAYERMCNIL,1,332.578785
205,KGLHHLQIILSGKMA,1,6.656435
206,ATTANVPPADKYKTF,0,4348.088043
207,CIEYVTLNASQYANC,1,69.575554
208,LVKFVAGDGDVVAVD,1,723.3397
209,AVKPAAEEVKVIPAG,0,11568.886451
210,KSIIKARVVWKAIIE,1,730.487097
211,VKDLKKIITRISAVS,1,491.988531
212,KGSNDHYLALLVKYA,1,820.706998
213,TSKLDAAYKLAYKTA,1,1040.080683
214,KLCPNNLCCSQWGWC,0,27081.399858
215,KFPLKLRGTAVMSLK,1,309.46396
216,GLDFSEVSNVQRLMR,1,18.015957
217,SIINHKFCNLSDAHK,1,140.141344
218,ETLYRIDGAHLTKMS,1,595.096255
219,ILKGVINIWGSGLLQ,1,867.87312
220,RLVAKLFKDYSSVVRPVED,1,661.400967
221,LGIISHLLKTRDNSV,1,157.209135
222,LKGSETTVTERIFRE,1,586.415364
223,TEKQTSLTDRQQKLKD,0,51612.903226
224,MKEGRYEVRAELPGV,0,9437.029764
225,VGLVVQIDHVRMSTK,1,9.105933
226,ANWIEIMRIKKLTIT,1,1210.179474
227,LCSDKQPCNGVTMND,0,10115.821607
228,YEAQILNYSKAKSSLES,1,860.928431
229,VTDLFAAQPGLTSAV,1,1.027412
230,VDCRPFNGGESKLKA,0,3806.616009
231,VDGRGNYNTDLLPDW,0,1765.753773
232,VSTFSSGLVWGQKYF,1,54.691315
233,TISNNLFFNHHKVML,0,5698.968513
234,PAADKFKTFEAAFTS,1,526.193702
235,NMLTHSINSLISDNL,0,8091.489855
236,KNKVNLLTHSINALI,0,7894.9077
237,LRNVACQEAVKLKLI,1,758.043393
238,IQLVFSSMINPLVIT,1,1.691057
239,GDGFIDFNEFISFCN,1,303.167049
240,GRYNCKCCWFADKNL,1,575.569636
241,CGRRHSVRIRVRSGG,0,4539.261597
242,RPGVSKKFLSLLTSS,1,60.954303
243,RDIFLSQHHPSSLLL,1,9.550347
244,DVPDYASLRSLVASS,1,35.255603
245,ASKNFHLQKNTIGTG,1,30.325099
246,FWAVRGGGGESFGIV,0,46783.625731
247,IDQHVKLACSLPHGRL,1,135.224763
248,QTYVTQQLIRAAEIR,1,174.993613
249,GGVVQPGRSLRLSCA,1,257.532626
250,KFDSRLAFHHMARELH,0,3086.751948
251,VFRLKGGAPIKGVTF,0,2464.609407
252,GIRHLFGNYITNDSY,1,6.230511
253,GVTCGPGHGISVGSL,0,1678.351606
254,AQSLCFLLTQKSKSF,1,2.384971
255,NKEVDRLMSMKSIQK,1,119.776805
256,MLIESNLAGSNDNFL,1,7.770897
257,PDNVKPIYIVTPTNA,0,8276.678952
258,VTMNDVKIEYSGTNN,1,601.756766
259,NQFGSVPAVTISCMT,0,7191.540748
260,APQLPDDLMIRVIAQ,0,3064.215873
261,FTVQKGSDPKKLVLD,1,1152.932503
262,IITPTNVSHIQSAVV,1,162.01378
263,IISIVQMAPVSAMVR,1,123.072542
264,KNLYDHALMSIISTF,1,14.273249
265,LGTFDTTQIIKLLPF,0,9387.222614
266,ATVATAPEVKYTVFE,0,6703.430718
267,SMVGLFSNNPHDLPL,1,1192.01146
268,TVKVEPHTGDYVAAN,0,2538.133768
269,IAGYKTFDGRGAQVY,0,2427.95222
270,TAAFGVLLSNFGAPS,1,676.881893
271,CISMIGLCACVVDVW,0,7479.291529
272,PEEFAVVDLSKMRAV,1,1304.781946
273,SSGKNEGTNIYNNNE,0,11563.356619
274,EIDTDGDGFIDFNEF,0,4033.644479
275,AFLIGANYLGKPKEQ,1,16.579537
276,SEAQKAAKPAAAATA,0,7073.485921
277,PSLIKTLQSRMSKNF,1,59.139907
278,GINITNFRAILTAFS,1,13.151402
279,PVGEIYKRWIILGLN,0,19127.1654366
280,LSADQISTVQASFDKVK,1,210.950377
281,KGDEQKLRSAGEVEI,0,46783.625731
282,GKGTLDGQGKAVWGK,0,3035.844937
283,GNGCFKIYHKCDNAC,0,13197.331736
284,ITDTTIGTGDDCISI,1,1379.341323
285,KIGIGVLLTWIGLNS,1,1214.484724
286,MVFILLPQRNQMLSV,1,8.237888
287,SKLTYENVKMEDVGY,1,332.595789
288,SPTEFTSISSNSGNL,1,3.182114
289,YGIAAENVIDVKLVD,0,6172.988355
290,GLNITGVTCGPGHGI,1,769.508294
291,AAFTSSSKAATAKAP,1,27.610721
292,EDVKNAIGVLIGGLE,0,5284.746758
293,DVTITAPGDSPNTDG,1,1215.514586
294,SRCYSIYLSINGVLE,1,17.73219
295,TPESATPFPHRKGVL,0,32643.545543
296,NYNCKILPNTLVLDF,1,433.036128
297,PLSWSKEIYNYMEPY,0,2610.444471
298,IPTFLQEALNIALVA,1,1.0
299,TPRYIPSTSISSSNI,1,35.522217
300,DKVYEILKINSVKYY,1,30.335935
301,FSNVYLFAKDKSGPL,1,505.44829
302,ISSYKLDLTILGLAA,1,583.467278
303,IAFFRKEPLKECGGI,1,56.07764
304,SFLVQAGNVQLRVIG,1,1070.583411
305,KFVDSTVVASVTIID,1,578.66359
306,HLRKVILSEISFHLV,1,45.281359
307,QRMMAEIDTDGDGFI,1,365.347345
308,VFNYETETTSVIPAA,1,35.245328
309,SDSWLKDSAIMVASD,1,32.941778
310,RMVLASTTAKAMEQM,1,922.819027
311,SVGSLGRYKDEKDVT,1,1222.108914
312,LVWMACHSAAFEDLR,1,973.642256
313,RFKYLLNVSYLCHLV,1,1084.255174
314,AAESSSKAALTSKLD,1,1184.101875
315,IGGWLLLEPWISPSV,1,1337.002591
316,IYGLPWMTTQTSALS,1,1.0
317,YNHVVAANALLFLMS,0,5670.548146
318,TASKLLEDRVGLNHI,1,802.840767
319,IMRIKKLTITGKGTL,1,78.889105
320,CTGMLKRRLGLMSLS,1,232.678443
321,FLHLVGFPTHRHIRG,1,1.523251
322,SCGLYKQPGVPVRWK,1,1054.789292
323,GQHTLPRCWLIRNGS,1,1025.16612
324,LAVFQPSSGNYVHCF,1,12.335569
325,CHDGMGWLTIGISGP,0,8716.665884
326,IGHLLRGRNHFIYIV,1,464.609739
327,SIAQHLVSDRPIMRY,1,16.357665
328,LKAEAQMSIQLINKA,0,13795.461673
329,QLALHKMKSSDAREE,1,31.812665
330,AAMGLRISSSFSFGG,0,1887.203581
331,YKLIDNSLILLECFV,0,46783.625731
332,KTMAVCTNAKVTAKG,1,480.861984
333,GPTATFEAMYLGTCQ,1,1188.872868
334,AVWVDGKARTAWVDS,1,969.417412
335,LANAGRSSGSRRPLG,0,14273.647586
336,AFALVLLFCALASSC,0,5190.232336
337,HKGIVIKSKKKGSTP,1,484.498792
338,KFTQFAGKDLESIKG,1,292.676273
339,AFKVENGSAAPQLTK,1,123.713794
340,VTEFACVVAEAVVKT,0,1598.660871
341,SFGIVVAWQVKLLPV,0,12180.567835
342,IVPPADKYRTFVATF,1,99.292227
343,MATTLPVQRHPRSLF,0,6100.865107
344,HTLMSIVSSLHLSIR,1,4.612817
345,YQRSEEEKFPYIMGD,1,29.359195
346,KVGEVCSFYADPKRY,1,397.561186
347,VPGNKKFVVNNLFFN,1,1104.692748
348,AKPDGKTDCTKEVEE,0,25248.782072
349,MSWQTYVDEHLMCEI,1,917.564373966
350,DKYNKQLMVSSCVTS,1,1113.252596
351,NGILKKLSSIKSKSR,1,75.152164
352,SGILQLFVFLVLAGR,1,618.025945
353,SMHLMLANAGRSSGS,1,6.168058
354,RNEWILESDHLIAEM,0,2106.834094
355,RLMSMKSVQNNTVLK,0,10407.398387
356,LLDNRSNHYEEVIAS,1,992.921359
357,RLCFSKSKNTLMYEI,1,13.387605
358,FSLSAAVKAGASLID,1,64.287235
359,MNSLRAEDTAVYYCA,1,40.240391
360,LKLTSGKIASCLNDN,0,6054.773022
361,PTIIERNITEIVYLT,1,337.185738
362,AALAAAAGVPPADKY,1,150.664726
363,EFSNFKVAFSRSLND,1,189.719739
364,ITMLTNGQCQNITVV,0,2721.421565
365,ASTVHATATIPLQAS,1,47.520669
366,SGLVWGQKYFKGNFQ,0,1846.635427
367,ADLGYGPATPAAPAA,0,1737.033162
368,PRCWLIRNGSYLNTS,1,74.886955
369,QKEYMERQGKTPLGL,0,13109.963372
370,NSELIRRAKAAESLASD,1,10.971581
371,EPGHLAPTGMFVAAA,1,92.6376420576
372,DLGRNEVVNDVSTFS,1,621.944787
373,QMSIQLINKAVNALI,1,29.879015
374,GSLIVNPSLNGFLSK,0,30812.154541
375,LDGVNLVASQPIFTG,1,695.220273
376,SSILTDSQTATKRIR,0,9871.203582
377,NCNIAPLMVAYMLER,0,4537.720526
378,PVKIDNASPASTVHA,1,30.198129
379,TQCMNIMESIPANTI,1,69.66807
380,SLGKMVHQIFGSAYT,1,1.176291
381,LRLFDYNKNAIKTLN,0,7354.092799
382,NSLLFIPDIKLAIDN,1,475.00005
383,FETNVSHNVQGATVA,1,322.222896
384,IPKGDFLTGPLNFTG,1,1044.68206
385,TDLIKNQCVNFNFNG,1,58.307469
386,SQDILLAPLLSAGIF,1,936.704319
387,QFGTMPSLTMACMAK,1,49.160821
388,NHVIQSVRRLYPKIF,1,930.063503
389,NCEALSLVSHIVKWK,0,2625.674467
390,LSPGMMMGMFNMLST,1,799.108253
391,LMIMKSNQKNMFLKV,1,25.182604
392,RYFLMAFANQIHHID,1,16.162535
393,LDSQLNRLKSLTDDLQR,1,34.36447
394,IEENGSMRVFVDVIR,1,964.06532
395,IDLTKIDRCFQLRGNGV,0,9883.324222
396,YREEIYRKGLGNFVQ,1,178.486896
397,VSKAPQLVPKLDEVY,0,7616.050145
398,EGTKVTFHVEKGSNP,0,5720.653031
399,FCALILAYSNKTVGE,1,885.980705
400,ISPYNSQNAVASKIL,1,10.552846
401,EAKITMLTNGQCQNI,1,226.025672
402,PQLTKNAGVLTCSLS,1,249.995045
403,NRIMADGGSIQNTNL,1,421.563015
404,DLQMVIAGAKSKFPR,1,930.825414
405,FAVVDLNKMRAVWVD,1,810.204914
406,PTPLAKEDFLRCLVK,1,870.153103
407,FKIMLKALSHLSLGL,0,4341.772673
408,IFSKNLNIKLNMPLY,0,2159.190308
409,GDVFVIREPFISCSH,0,2397.446975
410,LQGPFNFRFLTEKGM,1,200.702967
411,ITDAVGNDMPGGYCL,0,21185.457071
412,ILNTWLVKPGAGIMI,0,7941.383375
413,NFSLGAAVKAGAALL,1,413.045963
414,KSRFFIWSQEVPLLT,1,44.922203
415,SSKVTITDTTIGTGD,1,58.626795
416,KSLFFLDEPLKSVPL,1,2.626989
417,SCWRGDSNWAQNRMK,1,269.911352
418,LDGNLLSSNDLAKYK,1,124.645179
419,RNTLLFLDLIILNFV,0,2230.964335
420,EEDLNKLRDLNKEVD,0,25172.297178
421,SDFYALISERFINYA,1,16.321939
422,ITVHTGDQHQVGNET,1,408.516151
423,ASAAILGHDGTVWAQ,1,21.1255311577
424,FMVAMFLAVAVVLGL,0,3205.290789
425,PAGVCPTIGVGGNFA,0,9266.025208
426,DSKHQLDMIITAVNS,0,13623.184865
427,TLVLKMLHSSSLTSL,1,22.742164
428,INLIGRGGDEALTGF,1,813.50195
429,TMSLYMAISPKFTTS,1,35.579547
430,DCCMEILGAVLEAVD,0,25465.570645
431,FSLECIMDVGEIQNK,1,1392.774257
432,CIALDMMNENLGIIS,0,46783.625731
433,YTKKEAFNVENGNAT,1,546.6857
434,AERTVTVRRVGPGGRAV,0,47904.191617
435,KGILGFVFTLTVPSE,1,700.996149
436,AWVDSGAQLGELYYA,0,27191.073005
437,LPADLMIRIIAQGPK,1,623.06847
438,TVSLPVGADEDDIKA,0,46783.625731
439,GVLQTFMRMAWGGSY,1,502.16931
440,ILPNTLVLDFCDDAL,1,1073.779553
441,DALTLRTATNIWIDH,1,133.899169
442,YEAFVLHFSEALHII,1,14.719949
443,LLKILVLSILSSPTK,1,374.633684
444,KLSYGIATVREVLSD,1,55.199778
445,ASVGKMIDGIGRFYI,0,5239.594125
446,EVVNDVSTFSSGLVW,1,1282.232033
447,AASGADGTYDITKLG,0,13626.919656
448,RNFQKVNPEGLIKEF,1,680.304974
449,GWPYIGSRSQIIGRS,0,6563.482994
450,HPQDGDALTLRTATN,1,1216.367958
451,MFISDTPGERNPYEN,1,1172.788867
452,ASEGAVDIINRWQVV,0,5015.610082
453,KFFYLLGLSAIMQVF,1,526.941676
454,ASYNTHETICPEPTIDE,1,742.735509
455,ALKESWGAIWRIDTP,1,479.878245
456,CFKYILIQAGFDQRL,1,1017.853784
457,SLYVRASGRVTVSTK,0,5666.560882
458,CIANGVSTKIVTRIS,0,2872.867757
459,DGYFLKIKVTAASPM,1,16.044657
460,LDSSDTIWMDIEGPP,1,242.128002
461,TDALRTLGSTSADEV,1,368.016636
462,KTGQALVVGIYDEPM,1,1497.39443359
463,KPTAAGPKDNGGACG,0,46783.625731
464,LMCLSPLMANLAPHL,1,52.430904
465,FWYVNHTGFNVHSLP,0,30762.860422
466,TLMGRYTHYKSRNLN,1,14.206837
467,QKRGIVKENIIDLTKI,1,383.948536
468,GKKEEKKEEKKESGD,0,10494.080016
469,NRFSYIPNGALKFVD,1,50.555008
470,DRAVKLYRKLKREIT,0,20150.04682
471,ASNPNYLAILVKYVD,1,507.624892
472,NKELRLMYVNCVKKN,1,11.08021
473,MAFLEESHPGIFENS,0,2157.82455
474,TEDDFKNIAAAGLNHV,0,6449.168319
475,SDYVYEPFPKRVWEQ,1,769.342582
476,KGKSAWYVDTEIINE,1,172.487869
477,EEIITLNSYGSFQEF,1,29.179205
478,IFSGNMNIKLKMPMY,0,15922.676163
479,VDGIIAAYQNPASWK,1,54.635824
480,GSTYYADSVKGRFTI,1,12.912167
481,ILKGLYNFATCGLIG,1,117.914677
482,FERLAITKGKVDPTD,0,5504.401841
483,APTGMFVAGAKYMVI,1,316.661736164
484,RLFVSILSGDNEIEY,1,17.860467
485,TKIMSSKRILERESV,0,1866.444443
486,WLLIEVLKGMKTTSE,1,361.710234
487,EGGAHLVQDDVIPAN,1,148.078652
488,MGQLISFFGEIPSII,1,1400.925972
489,ALFSGVSWVMKIGIG,1,44.441101
490,DKKCIEWEKAQHGAC,1,37.078917
491,FFIVVATAAVCLLFI,1,136.650074
492,GLGWYKIEIDQDHQE,1,56.704241
493,DSTVIRNLKNAGLIV,1,571.608365
494,DEFFECFKYLLIQGH,1,627.358579
495,MYLGTCKTLTPLMSS,1,90.011008
496,FNGGESKLKAEATTD,1,762.952269
497,LMFLQNLKLGDDQYV,0,2707.134326
498,PALFFTFLANLNLTE,1,1.12704
499,CPLDHVNTLHFLTRG,0,9549.300226
500,PRYVKQNTLKLATGM,1,1249.549551
501,IPLMYKGLPWNVVRI,1,104.889108
502,TGLWPFIRINNLKVK,1,501.571103
503,RVNQLIRYSGYRETP,0,5687.446663
504,LVVGIYDEPMTPGQC,1,952.499264991
505,VMRYTIDKEFEKICR,1,314.88769
506,LKALTTKHPSLNIIT,1,19.600225
507,PSAEFRRTAPPSLYG,0,8176.087743
508,LWTQSLRRELSGYCS,1,830.010701
509,KRVSNVIIHGLHLYG,0,5817.409383
510,MLVLTHGLASVVVHT,1,281.780652
511,GAYFVSSGKYEGGNI,0,3289.346292
512,AAATATATAAVGAAT,0,7556.577881
513,GVWTFDSEEPLQGPF,1,53.872347
514,PASWKNNRIWLQFAK,1,97.442165
515,EPFPKRVWEQIFSTW,1,1336.10566
516,NRQILDNAAKYVEHD,0,3559.554487
517,MRSLKAPAVVSVSSP,1,671.77837
518,SLPLFTGQASFDLAA,1,7.817254
519,TILQRLGVLFGSRIA,1,266.841421
520,KLIEDINVGFKAAVA,1,948.938219
521,KEIYNYMEPYVSKNP,1,52.920006
522,LNIKLNMPLYIAGNK,1,530.444445
523,ENMLRSMPVKGKRKD,1,7.481376
524,VFLGSAHGIPKVPPG,0,8941.366438
525,KVFNTRRNTLLFLDL,1,7.675607
526,SQPATGAATVAAGAA,0,4457.806895
527,KSAFQSSIASGFVGL,1,12.132867
528,EKKYFAATQFEPLAA,1,160.156667
529,IVTHFPFDEQNCSMKLG,0,47337.278107
530,QQWIQFMMSRRRLLA,1,48.108292
531,AASGAATVAAGGYKV,0,3261.683739
532,YVDRFYKTLRAEQASQEV,1,15.295822
533,ESSFVMMSAPPAEYK,1,859.040473
534,GSRGYRLQRKIEAIF,1,867.696862
535,CDDALIEGITLLNAK,1,94.338223
536,PIIIDQKYCPNKICT,1,858.088885
537,AQLGLRKKTKQSITE,0,32651.157422
538,PGLLATNNVFRLKGG,0,6762.664009
539,KSHFAIGLALYYPSA,1,241.169293
540,LVAGPAGSYAADLGY,0,2187.778578
541,IKCFEKFLEPKVKFG,0,22028.288719
542,ERFAVNPGLLETSEGCR,1,1221.767494
543,EVAFGLVCATCEQIA,0,3585.100976
544,LQMVGMRRPQQGASG,0,15208.32846
545,VFGNCEGVKIIGISI,0,2107.062225
546,FNIQYVNYWFAPGAA,0,1612.017839
547,FMRMAWGGSYIALDS,0,21942.114885
548,KHLAVLVKYEGDTMA,1,1176.499212
549,LNFTGPCKGDSVTIK,0,11448.203823
550,IQYVNYWFAPGAGAA,1,279.326873
551,TKPEACSGEPVVVHI,0,3413.167457
552,VGQMLMLVNDRLLDI,1,3.184443
553,VAWQVKLLPVPPTVT,1,158.459812
554,MAAHKFMVAMFLAVA,1,758.660083
555,GKSSFCDICGEELPT,0,7534.741675
556,RGIVKENIIDLTKIDR,0,6539.984676
557,SIKAVYNFATCGIFA,1,198.304564
558,SEIQLQRLCVRLFVS,1,8.350224
559,MRRLADQSLPPNFSC,0,7721.410634
560,GSAYTALFSGVSWVM,0,1829.692542
561,RMFLAMITYITRNQP,1,491.533668
562,GDTMAEVELREHGSD,0,14561.999762
563,RCYSLYIAENGELTE,1,141.095991
564,PATPAAPGAGYTPAT,0,30477.57271
565,VGAATGAATAATGGY,0,31563.158809
566,PKLEFGSLIVNPSLN,1,1.505135
567,TEAFSTAWQAACKKP,1,978.779473
568,YEEFCDAVYENDKLK,1,738.230531
569,DPDKDVDIMVRDGQL,0,46783.625731
570,EFIPMKSSWGAIWRI,1,55.588595
571,AGDLGRDELMELASD,0,16593.368334
572,SSMMEAMVSRARIDA,0,6711.891242
573,IPIQLLPNTLVFQAK,1,2.319925
574,LGFSSEVLKLKDEVR,1,1187.308133
575,KTLNDETKKQVNLMG,0,33248.875321
576,EIDSADKSGCIHNHD,0,22621.626603
577,LNTLVKQLSSNFGAI,1,13.62271
578,DVNAGFKAAVAAAAN,1,13.267689
579,KTHVQLSLPVLQVRD,1,699.954519
580,SKMSVVMRNTTWEGQ,1,345.972407
581,IQLKCSDSMPCKDIK,0,8089.528772
582,PVTEEPGMAKIPAGE,0,46783.625731
583,PDTIDFLIMRNLTNL,1,1.917269
584,YFIMAYVNQAHHIQL,0,2383.815837
585,TVWAQSADFPQFKPE,1,8.79607220842
586,AEVELRQHGSEEWEP,0,7707.4832
587,LNKMRAVWVDGKART,0,2068.39031
588,DENPVVHFFKNIVTPRTPPP,1,11.920137
589,TRLFTIRQEMANRGL,1,993.81572
590,EKIEENGSMRVFVDVI,0,1912.906482
591,LGTCQTLTPMMSSKF,1,68.128926
592,KISVQYNLSHSYAVD,1,19.183123
593,ILLLDYMTSTNTNNS,1,110.562496
594,STGGAYDTYKCIPSL,0,2505.936401
595,EFQVVNPHLLRVLTE,0,2660.376989
596,RLFKAFILDGDNLFP,1,27.671881
597,IVQMAPVSAMVRMYI,0,2477.330665
598,GANYFLQISRVNDLN,1,15.141244
599,LGMNHVLQSIRRNYP,1,6.156082
600,AGIMIFDPYGATISA,0,1841.658591
601,PTIDVKMMNMEAANL,1,9.788302
602,VWRIDTPDKLTGPFT,0,3061.955082
603,CFKYLLIQGHYDQKL,1,1058.253076
604,PYGATISATPEWATP,1,815.094216
605,GARILTSESQLTITK,0,2543.460997
606,SGRLKFLDVCVALDM,0,4881.954672
607,AYPSVLGQTIRNSRW,0,2830.531678
608,AAGDGNIVAVDIKPK,0,35737.084495
609,LEAKATFYGSNPRGA,1,565.011302
610,KAAVAAAASVPAADK,1,834.478035
611,EKDSPFKLSSSEPHC,1,6.960994
612,LLNRNNSFKPFAEYK,0,10256.823302
613,KGSPEFDWILGWTIK,0,2008.284188
614,KVEFTGDLVVKALGA,1,1.0
615,RNLKNAGLIVGQMIL,0,1574.221222
616,FFTLGSITAQPVKID,1,276.358223
617,ANQFNKAISQIQESL,1,12.578788
618,LQFNQMMNPSHVKFL,1,17.623012
619,MVFTPLLALATNLTE,1,15.492761
620,HTVMPLSAPTLVPQE,1,425.625639
621,QLVFNSISARALKAY,1,1.0
622,MAVHQYTVALFLAVA,0,2867.618558
623,DQEYHRLIHSLSKTS,1,773.347377
624,EFVKIVQKRGIVKENI,0,15494.62581
625,TVLAFPAGVCPTIGV,1,311.148657
626,FQKTILKATTALKDV,1,154.45923
627,PCKGDSVTIKLDGNL,1,102.454672
628,GATRERSLWIIFSKN,1,1456.458743
629,NNEVLRLADELRQEQGN,0,7690.345539
630,FNSLISIAQHLVSDR,1,1095.582071
631,INKWQVVAPQLPADL,1,741.939157
632,IDLWSYNAELLVALE,0,6339.719442
633,KVTAKGVSEANTCAA,1,146.671958
634,EDDLLNRNNTFKPFA,0,14846.466027
635,SGDVIVKAIGALEDI,1,90.608474
636,RDCLIAHGAANTITE,1,1174.462072
637,AAASVPAADKFKTFE,0,2648.893596
638,VQNTVEDLKLNTLGR,1,1048.462032
639,ATATATSAVGAPTGA,0,3949.789486
640,SNKFHIRLIKGELSN,1,24.637414
641,HEALNIALIAVSIIS,0,2043.047874
642,AVGLFIRLLGGESDA,1,736.748294
643,SKFMQEINIEEQEYQ,1,53.614033
644,CKTLTPLMSSKFPEL,0,9716.826947
645,VFNICQAVTANVNAL,1,861.376427
646,RFFVWGDEVPLLTKF,1,73.604241
647,TKGEGGVWTFDSEEP,0,25061.50553
648,AAVGATPEAKFDSFV,0,4574.432626
649,ASQDVKNWMTETLLV,0,12604.068557
650,NLMGKTLILLETFVR,1,1028.637351
651,NVKCKTPTQLAETID,0,1576.241414
652,YKALPVVLENARILK,1,638.951271
653,YDEPMTPGQCNMVVE,0,5332.58678662
654,VDPTDYFRNEQSIPP,1,342.933537
655,DMTYRRLISMMGFKM,1,9.495624
656,WIILGLNKIVRMYSPTSI,1,1.371009
657,EHYTVLFSDLANSHQ,1,2.840104
658,NLPLQLGFSTGVNLV,1,44.949247
659,LLNEFNNLYADKVSV,1,50.023924
660,LQFAKLTGFTLMGKG,1,113.27445
661,QKLLKSIAATRGATV,0,15375.747319
662,FTCDQGYHSSDPNAV,1,151.711581
663,ANGKLHDKKSMGDDH,0,46783.625731
664,KYNLNRAMMLDDLTM,1,1.031161
665,YFPPPAAKEDFLGCL,0,30860.669992
666,EDVGYPIIIDQKYCP,0,16058.225335
667,IKQTLIAIHTLAIRYANRTDV,1,92.140429
668,VSSKRNLADAVSKAP,0,4978.448736
669,PRGGPGRSYAADAGY,0,9005.429448
670,KGSNPNYLALLVKYV,0,5180.715881
671,VGNVAWMHVLAAKYI,1,210.130411
672,QKYVNNTATLLMTSL,1,34.321943
673,DLGKKRFLLIRNSTW,1,4.018667
674,NSFKPFAEYKSDYVY,1,387.71901
675,PNITATYGDKWLDAK,0,46783.625731
676,EAVSLLCSDKQPCNG,1,702.596135
677,GDGKISLSELTDALR,1,594.164358
678,DVLFRLENHAETLRA,1,46.235469
679,GETLLRAVESYLLAH,1,52.51014
680,EKPGNRNPYENLLYK,1,1228.974414
681,LGHRDALEDDLLNRN,0,46783.625731
682,CNANPGLMKDVAKVF,1,1498.592936
683,YVYEPFPKEVWEQIF,0,11665.390075
684,YWFAPGAGAAPLSWS,1,1033.877147
685,YVVSSFDNIKVFLEG,1,738.755703
686,NVSHIQSAVVCGRRH,0,1740.819816
687,AYTSSDDQISLFDQS,0,20089.091785
688,MVVERLGDYLVEQGM,0,2672.04452404
689,ARVTVKDVTFRNITG,1,64.035885
690,MSSKFPELGMNASHC,0,4202.96835
691,AASIIGILHLILWIL,0,9503.245188
692,EFENFMKAGAHPIMH,0,3592.079942
693,TPAAPAGAEPAGKAT,0,35726.392131
694,TSLYVRASGRVTVST,1,765.403414
695,CMTVQGGETMNSVIQ,1,197.131994
696,PWNVVRIKIVQMLSD,1,114.128034
697,DVDQSLIIAARNIVR,1,1087.661074
698,LIEDYFEALSLQLSG,1,10.892628
699,MGEAVQNTVEDLKLN,1,557.051065
700,VPILLNNPNLFWAVK,1,1.290073
701,ISATPEWATPFPHRK,0,36954.753507
702,KEDFLRCLVKEIPPR,1,1307.127668
703,DDGRNIAWDNDKLES,0,4997.240906
704,TQGLLGALLLWMGIN,0,2248.910716
705,FAEIMKICSTIEELR,0,3344.082735
706,EFRNDWILESDHLIS,1,66.73833
707,DRTELLEMVCFHEFL,0,2739.784671
708,RFFLPIFSEFVLLAT,1,85.050263
709,DKPFQNVNRITYGAC,0,4815.887815
710,MGQFISFMQEIPTFL,1,74.074017
711,NLRLKGVTCRLFRQQ,1,316.108139
712,ENVLISPVSILSTLS,1,127.714409
713,SWIQSIPFVHLGHRD,0,2722.02989
714,AAGAATTAAGAASGA,1,1362.4068
715,ISKYAGINILNVYSP,1,5.638993
716,SKEEKDTNGTDRAEI,0,46783.625731
717,DKLTGPFTVRYTTEG,0,8542.241412
718,AGYLVGRKPLAFFSW,0,9727.092617
719,DQYKDLCHMHTGVVV,1,8.199824
720,MFIRNCARKVFNDIK,1,286.588557
721,DESIFINKLNGAMVE,1,89.319997
722,NSFYYMKGGVNTFLI,1,552.6922
723,SEIEEFRDRARVPLT,1,793.78944
724,GFIGFCKSMGSKCVR,1,20.433555
725,DPVKLVKMWEDEVKD,0,14257.21602
726,HGRQIRMAKLLGRDP,1,841.927466
727,EQCGRQAGGKLCPNN,0,10397.153649
728,AGELQIIDKIDAAFK,1,402.131393
729,PCVFIKRVSNVIIHG,1,155.289308
730,FFHMNIYECKGVTVK,1,954.915075
731,VHTGDQHQVGNETQG,0,8152.721045
732,PSHIMSVLDMGQGIL,1,30.313178
733,AINIFNVEKYGAVGD,0,11876.968301
734,KVKFGHVSINPADIA,1,3.02303
735,LAKYKANWIEIMRIK,1,97.97005
736,MIRIIAQGPKATFEA,1,1211.463228
737,PDEYVEQVAQYKALP,1,416.316496
738,GHMLDMYSVMLTNDN,1,911.226297
739,IIAGTPEVHAVKPGA,1,935.456818
740,YQLFSDAKANCTAES,1,68.326681
741,GSLKPNCGNKVVVSY,0,4405.292355
742,DTPYLDITYHFVMQRLPL,1,206.744298
743,SLLVAPMPTASTAQI,1,185.122387
744,INISGYNLSLSAAVK,1,828.456753
745,EAVVKTLQPVSDLLT,1,157.929997
746,LVKYEGDTMAEVELR,1,834.120834
747,CFHEFLSSKLNKFVS,1,358.760829
748,LLESLSSLGAHLDSD,1,187.132917
749,RQCCHKAMENFTDDD,0,4441.677527
750,IKEKGKDKWIALKES,0,4335.567675
751,VQDAATYAVTTFSNV,1,993.5369
752,RLTQSHPILNMIDTK,0,19887.211321
753,QGSVITVQGADDIKK,0,14778.863951
754,QKLIEDINASFRAAM,1,61.263602
755,FAGAWCVPKVTFTVE,0,21390.221409
756,GAVDIINKWQVVAPQ,0,25815.664981
757,NLVIEGPTTCGYLPT,0,46783.625731
758,LVGPFNFRFMSKGGM,0,3291.38369
759,ESYKFIPALEAAVKQ,1,8.2762
760,FIVFLLLAGRSCSYK,1,223.903456
761,RQANFLGKIWPSHKGR,1,446.415604
762,AVGGVLLFLSVNVHA,1,8.69551
763,KSSKPLVGPFNFRFM,1,111.222867
764,SKTHLNFERSLKAFF,0,9395.134196
765,THRHIIGEGCPKPHR,1,888.205727
766,KNLTGLVSAGPKAKS,1,187.327308
767,EVFCQTIKLDSEEYH,0,3347.410954
768,ILSHVKFNFGDFYSE,0,3022.371356
769,AKNMKNLVWNDELAY,1,740.18675
770,GVWVLAEPTKGKNER,0,12447.690638
771,DYEYKVSKLVSRLVI,1,566.031589
772,AGSYAADLGYGPATP,1,100.483377
773,ILSEGNSFTAPNESY,1,1058.218988
774,QASVNGVTLIGESVK,1,417.234016
775,SLYNTVATLYCVHQRIEV,1,61.069875
776,SYTIVSSLGVDDVGT,1,1324.5945
777,DDLMIRVIAQGPTAT,1,478.098539
778,DLLIEALSAMMLDRL,1,83.685858
779,QCAMRPNHTIKGSFL,0,1749.6073
780,APEVKYTVFETALKK,1,281.303607
781,SSTVKLRQNEFGPAR,0,9602.756283
782,DILLRMSKMQLGSSS,0,18868.081959
783,RIDTPDKLTGPFTVR,1,837.780967
784,LASFTPVIQDQDLEM,1,942.56769
785,RNVFDEVIPTAFSIG,1,62.301157
786,DAAFKIAATAANAAP,1,11.138079
787,VKPLYIITPTNVSHI,0,6727.874402
788,DKFTVFEAAFNDAIK,1,247.452531
789,TSSDDQITLIKTPSL,1,2.042069
790,LLWDYMCISLSTAIE,1,7.998983
791,GLVHVANNNYDPWTI,1,94.102861
792,DCIMTSYQYLIIQNT,0,46783.625731
793,RRNVATLQAENVTGL,1,141.215548
794,SVKRSNGSAEVHRGA,0,8215.830339
795,KRFFLPVFSDEVLAG,1,9.86334
796,IPAGELQIIDKIDAA,0,6354.973114
797,ALRVIAGALEVHAVK,0,1685.248174
798,GEGIPLYDAIKCMRT,0,22065.292647
799,MSSFLGKWKLSESHNFDA,0,5328.688741
800,QRILRKSKRNDGDLD,0,33667.278557
801,ASTGGAYESYKFIPA,1,961.859654
802,KLCLMKAQPTSWPLQ,1,101.128495
803,QEALNIALVAVSLIA,0,46783.625731
804,RVNNSYSLIRLSHNS,1,112.412003
805,GYKDWILWISFAISC,0,31744.532134
806,EYDFNKLLVSAVSQI,1,22.170191
807,QNRMKLADCAVGFGS,1,1381.713181
808,LCQYLNTLTLAVPYN,1,5.67513
809,GGSILKISNKYHTKG,1,550.064276
810,TVAAAPQVKYAVFEA,0,6306.885318
811,YTTEGGTKTEAEDVI,0,33404.742704
812,LDGALKAKQSAESKLEG,0,6054.901003
813,LCHICWKPLPTSITV,1,69.862244
814,GWDLNAASAYCSTWD,0,1952.065784
815,AMFVEDIAMGYVVSS,0,2891.473613
816,RTLILLMLTNPTKRN,1,22.83379
817,FGSMPALTIACMTVQ,1,63.4226
818,KQAYAATVATAPEVK,1,104.045872
819,MARFTSTLTRLVKRP,1,10.71131
820,FLVKCQLQNPGVADL,1,412.082287
821,ATSPTAEGGKATTEE,0,21288.042711
822,RAMFVEDIAMGYVVS,1,6.977856
823,VAYFNMVYMPASWVM,1,138.025583
824,SFFEEVPNIIHEAIN,1,61.095694
825,CGSTDEYCSPDHNCQ,0,12851.608759
826,IYEPEDLGNCLNKSD,1,1493.829874
827,NIRYLVMAIVSDFSS,1,36.87866
828,YLAILVKYVDGDGDV,0,10975.372315
829,LSSNDLAKYKANWIE,0,3011.393892
830,SKGDSARVTVKDVTF,0,5778.518938
831,LIEKINAGFKAALAA,1,459.208727
832,KLMNSPEFHLVFGNC,1,965.804939
833,FVGYLKPTTFMLKYD,1,45.234702
834,DIIFDIYFAILMMSC,1,919.791559
835,APTGATTAAAGGYKV,0,5447.77652
836,LMSFTILCLVPAYSF,1,148.081178
837,PFTVRYTTEGGTKTE,1,897.106543
838,KIPTHRHIVGKPCPK,0,2521.707059
839,NARILKNCVDAKMTE,1,397.341282
840,LLAMAVLAALFAGAW,0,11470.55087
841,GLEWNDNTVRVSETL,0,5083.439612
842,DREVVANVIGLSGDS,0,2908.408739
843,QKFVDTILSENGVVA,1,98.456468
844,PKIFFRPTTITANVS,1,7.3605
845,VIGVAFLAVFQSATK,1,62.126568
846,GVWAPFNVLKVIRSE,0,12690.453685
847,VRKTIPDVIELAYQK,1,102.23952
848,GAMAKKGQEDKLRKA,0,4467.168991
849,SSCEVALSYYPTPLA,1,798.737034
850,LISRVLDGLVMTTIS,0,1642.596986
851,LTFLAVGGVLLFLSV,0,2389.748673
852,ITAMSEVQKVSQPAT,1,1420.896166
853,LRIKSYEDAKSPLTA,1,9.676789
854,DSVTPMILKAQKGGNL,0,4012.914698
855,LYKGVYELQTLELNM,1,101.608328
856,GILHNLSDLYALITE,0,10268.48502
857,IKYTRPGDSLAEVEL,0,3160.350434
858,TNILLNVPLRGTIVT,1,17.991955
859,GMNPSHCNEMSWIQS,0,3089.069268
860,GNIVAVDIKPKDSDE,1,629.822233
861,QVAFSYFPPPAAKED,1,92.200641
862,YCDMMSLNLTIVSVS,1,380.639914
863,TPEAKFDSFVASLTE,1,402.641465
864,GKWYLKAMTADQEVPE,1,12.100058
865,DDMIAAYTAALVSGT,1,111.728682
866,LSYRSLQPETFAVVD,1,496.050001
867,TIIKALGALDSPREI,1,4.844524
868,SADEVQRMMAEIDTD,0,7547.828159
869,KLALGGSIAVKITEH,1,151.963043
870,FLLMYEMHRESLLKS,1,9.225074
871,DYDVVYLKPLAGMYK,0,1636.100066
872,LMDVVYSIALHPIDE,1,627.661096
873,AAYKLAYKTAEGATP,1,113.383344
874,ILVLILAHPSKRSQK,1,3.516556
875,KLRSAGELELQFRRV,0,2240.748679
876,PLGLLLKNLTTSSYV,1,5.150789
877,RVLDILVARRLLLKK,1,66.479506
878,CVPKVTFTVEKGSNE,1,902.551578
879,SNKAFAEGLSGEPKG,0,11194.341571
880,GLDFNEMILLTMKNK,1,1.279763
881,NNLMMIEQYPYVVIM,1,698.210503
882,KEGIVWVATEGALNT,1,124.435619
883,VIPAGELQVIEKVDA,0,3925.417786
884,AYSDDKSMKVTVAFN,1,115.006868
885,DLTILGLAAEWVLAY,1,1234.504796
886,DEHIILYLVNFDKDR,0,2873.559853
887,QVVLSSMINPLVMST,1,432.063972
888,TTEMLSRALKKVPVD,1,762.166207
889,ILTVSVAVSEGKPTE,1,389.756757
890,SHLIKIPLLIGYGNK,1,1113.628568
891,YASGKVWGQKYFKGN,1,982.76159
892,FKLLQNSQVYSLIRP,0,14506.185147
893,LVSFLLLAGRSCGMY,0,3488.64084
894,GFTRRFKFLLNISYL,1,6.964314
895,VDLFVFSTSFYLISI,0,32097.820406
896,QLGELYYAIHKASPV,1,543.941882
897,KWHKHYLVCNYGPSG,1,615.578048
898,YANYRDIDLGRNEVV,1,418.490707
899,VKTITNDQIEVTNAT,0,1995.029838
900,KEQIDGYTMHANYIF,1,428.917748
901,DRLHPVHAGPVAPGQ,0,46783.625731
902,TAAATAPADDKFTVF,0,17442.611295
903,ALFKAIEAYLLAHPD,1,57.440789
904,LIKTLQSKLSRNFTK,1,97.812389
905,VIDVKLVDANGTLHD,0,2397.670275
906,RQKIIYSGAVNLDDE,0,2959.355766
907,GGGFGMLLRKYGIAA,0,5701.998971
908,VLRTKLMSTRRVLER,1,726.511982
909,EGGNIYTKKEAFNVE,0,13793.513487
910,CHFITKETPDRLTDQ,0,46783.625731
911,VAVSEGKPTEKHIQI,0,23568.176333
912,STWLLKPGAGIMIFD,0,9329.605048
913,DFREFSRAKGLNQEI,1,122.275728
914,FGTMPSLTLACLTKQ,1,2.859319
915,INSMKTSFSSRLLIN,1,191.894976
916,FLAVAVVLGLATSPT,1,50.94205
917,QIYFESYVRPFVATT,1,301.267079
918,FVRIQPGQTFSVLAC,0,1547.327203
919,LLVKYAAGDGNIVAV,1,341.285072
920,GRSYAADAGYAPATP,1,48.173637
921,IHKASTVLAFPAGVC,1,1337.594264
922,RPLWIIFSGNMNIKL,1,344.466222
923,SCFEIKCTKPEACSG,0,4524.369745
924,DRSIALTFLAVGGVL,1,4.509932
925,RSVQRNTVFKAGDLG,1,1351.910059
926,QAGNNLMMIEQYPYV,0,3213.533306
927,YKDVDKPPFSGMTGC,0,6923.58933
928,VLDILTANKLIRQKL,1,504.779597
929,FTNFKVAYSKSLKEL,0,10192.129766
930,WKPDTVYTSKLQFGA,1,451.380748
931,GVTVKDVTITAPGDS,1,40.67634
932,DFDGRSEFAYGSFVR,0,3855.880233
933,ILDLCYQLSMRIANQ,1,36.207184
934,TESHVKISRTIYRGVSP,0,3739.343041
935,RNSRWSSPDNVKPLY,0,11992.27838
936,EEALNVALAVVTLLA,0,13930.561179
937,TTSVIPAARLFKAFI,1,742.61157
938,LLTKFVAAALHNIKC,1,3.117852
939,EIESCRKNSCECNFE,0,46783.625731
940,SAIRAAPEAARSLAS,1,174.487499
941,VSEALRIIAGTLEVH,1,994.015144
942,SSKLNKFISPKSVIG,1,109.63777
943,YEGQRVVFIQPSPVRD,1,689.796617
944,VKEIPPRLLYAKSSP,0,1864.44039
945,IKGTAPFETHANRIV,0,3333.786551
946,KLAFLVQTEPRMLLM,1,1.0
947,RKGVLFNIQYVNYWF,1,411.613681
948,EFGFRALHALRPSSQ,1,2.86341
949,KLPWKNESSIKVIKQ,1,437.302136
950,CKYGSLKPNCGNKVV,1,741.782808
951,IHLLNSNALLRALRL,1,114.027689
952,FKVQFLFSSMIDPLI,1,25.852522
953,TKFLTNKLLLFADIN,1,514.69297
954,CSNSHVNTLRFLVKN,0,2075.282488
955,ISFCNANPGLMKDVA,1,72.187041
956,AVQVTFTVQKGSDPK,1,937.252447
957,ENALSLLDKIYTSPLC,1,1079.625681
958,QFKPEEITGIMKDFD,1,127.96732279
959,SSWIELDEIGEDVAP,0,22827.346993
960,IEKIRPLLIEGTASL,1,65.102659
961,GTVANGVLQTFMRMA,0,26688.025634
962,MRILVRGNSPAFNYN,1,835.596391
963,TEEQKLIEKINAGFK,0,4272.670398
964,ILELAQSETCSPGGQ,0,5608.372318
965,ELQVIEKVDAAFKVA,1,560.326415
966,DEPMVQVEAGKVNHS,0,9132.568855
967,VIPEGWKADTSYESK,1,907.95521
968,KNVLKVGRLSAEELM,0,21220.159151
969,FVERSKAYSNCYPYD,0,15777.769321
970,SLFIGLKGDIRESTV,1,59.574467
971,EPGHLAPTGMFVAGA,0,1851.1848752
972,TEKGMKNVFDDVVPE,1,634.413669
973,AIPKVPPGPNITATY,0,46783.625731
974,TDDNEEPIAPYHFDL,1,537.848778
975,GLSGEPKGGAESSSK,0,4794.839693
