0,TDDNEEPIAPYHFDL,1,786.699533
1,PEVKYAVFEAALTKA,1,60.054049
2,LLNRNNSFKPFAEYK,0,1771.793055
3,TSKLDAAYKLAYKTA,0,1780.41543
4,EKIQKAFDDIAKYFSK,1,74.677906
5,KLCPNNLCCSQWGWC,0,8479.366874
6,DGYFLKIKVTAASPM,0,6996.268657
7,AVVCGRRHGVRIRVR,0,11169.024572
8,FAVVDLNKMRAVWVD,0,1936.483346
9,GDTMAEVELREHGSD,0,6150.061501
10,SKGGMRNVFDEVIPT,0,2795.378308
11,PPLYATGRLSQAQLMPSPPM,0,14119.562368
12,WSKDIYNYMEPYVSK,1,74.548979
13,STWLLKPGAGIMIFD,1,1074.806535
14,AAGDGNIVAVDIKPK,0,46728.971963
15,PNESYKKQVTIRIGC,0,16519.823789
16,KMPMYIAGYKTFDGR,1,1242.647668
17,DKVYEILKINSVKYY,1,153.716874
18,AAATAGTTVYGAFAA,0,7154.820918
19,DPVKLVKMWEDEVKD,0,2186.270223
20,FDRSTKVIDFHYPNE,0,46728.971963
21,AYEGQRVVFIQPSPV,0,3886.010363
22,CNANPGLMKDVAKVF,0,10676.156584
23,WEQIFSTWLLKPGAG,1,64.272309
24,GLNITGVTCGPGHGI,0,14648.4375
25,YGIAAENVIDVKLVD,0,5912.495073
26,DIIFDIYFAILMMSC,1,937.084232
27,TQCMNIMESIPANTI,0,2446.582939
28,SQPATGAATVAAGAA,0,46728.971963
29,DVNAGFKAAVAAAAN,0,46728.971963
30,FMVAMFLAVAVVLGL,0,1733.302519
31,AGALEVHAVKPVTEE,0,13043.478261
32,GDGKISLSELTDALR,1,878.014517
33,ARVTVKDVTFRNITG,1,37.931566
34,DIIEGPVKNVAVPLY,0,10496.850945
35,DLGYAPATPAAPGAG,0,18315.018315
36,KNTIVIPKGDFLTGP,0,1634.521085
37,ITAMSEVQKVSQPAT,0,3995.73788
38,SDYVYQPFPKTVWEQ,1,79.84882
39,ITDTTIGTGDDCISI,0,13368.983957
40,ELQVIEKVDAAFKVA,1,370.544206
41,HDKKSMGDDHFWAVR,0,3260.869565
42,LKTRPILSPLTKGIL,0,4489.831428
43,ITKGKVDPTDYFRNE,0,6861.848124
44,EFQVVNPHLLRVLTE,0,3419.19307
45,VFLGSAYGIPKVPPG,1,143.433609
46,FNNFTVSFWLRVPKV,1,1.0
47,MAAHKFMVAMFLAVA,1,15.165808
48,AWVDSGAQLGELYYA,1,1245.536826
49,ARRRRASEAPPTSHR,0,41653.17
50,AAESSSKAALTSKLD,0,38759.689922
51,NRQIMDNSAKYVEHD,0,1919.140225
52,GKKEEKKEEKKESGD,0,9457.755359
53,KHLAVLVKYEGDTMA,1,1414.16046
54,GLSGEPKGGAESSSK,0,21306.818182
55,TLGSTSADEVQRMMA,0,33185.840708
56,ATATATSAVGAPTGA,0,46728.971963
57,SNPKFENIAEGLRAL,1,1101.326707
58,KLLPVPPTVTIFKIS,1,775.955719
59,LNEDLRSWTAADTAY,0,46728.971963
60,VPGNKKFVVNNLFFN,1,728.226041
61,MADDMERIFKRFDTN,0,21008.403361
62,PTLAFPAGVCPTIGV,0,6396.588486
63,LQFAKLTGFTLMGKG,1,605.571256
64,SGFLGPLLVLQAGFF,1,4.408121
65,DAAFKIAATAANAAP,0,9293.680297
66,FDSFVASLTEALRVI,1,25.021143
67,MYLGTCKTLTPLMSS,0,1990.97425
68,EVIPTAFKIGKTYTP,0,4170.141785
69,AYSIEFGTNISKEHD,0,5564.69529
70,GATVAVDCRPFNGGE,0,1763.046544
71,GGGFGMLLRKYGIAA,0,4669.987547
72,VLVPGCHGSEPCIIHR,0,4583.926687
73,PNITATYGDKWLDAK,1,359.376123
74,CKTLTPLMSSKFPEL,1,5.287939
75,FGHDGTVWAQSADFP,0,3775.15915045
76,KNVFDDVVPEKYTIG,0,1767.825575
77,LPVPPTVTVFKIPKK,0,4476.275739
78,KGKDKWIELKESWGA,0,10877.447426
79,PGKYTAYEGQRVVFI,1,390.27944
80,APTGMFVAAAKYMVI,1,6.48007775647
81,KLTITGKGTLDGQGK,0,15447.991761
82,VKIEYSGTNNKTMAV,0,4284.490146
83,KSMKVTVAFNQFGPN,1,67.711531
84,GMTGCGNTPIFKSGR,0,46728.971963
85,RMMEYGTTMVSYQPL,1,725.132047
86,YLTFLPSADEIYDCKV,0,12179.976847
87,YVYEPFPKEVWEQIF,1,98.926972
88,ALHIIAGTPEVHAVK,0,2159.516268
89,DLGRNEVVNDVSTFS,0,10344.827586
90,PQHMLMRVAVGIHQW,0,6031.363088
91,IYKASPTLAFPAGVC,1,881.419673
92,YFRNEQSIPPLIKKY,0,4306.632214
93,TKGEGGVWTFDSEEP,0,24115.755627
94,DHTNFKYNYSVIEGG,1,746.974752
95,QAYAATVAAAPQVKY,0,5328.596803
96,SGHAFGAMAKKGDEQ,0,3858.024691
97,LIEKINAGFKAALAA,0,6765.899865
98,LGHRDALEDDLLNRN,0,10351.966874
99,LGQTIRNSRWSSPDN,1,770.218228
100,KTGQALVVGIYDEPM,1,132.377870759
101,GQKYFKGNFQRLAIT,1,43.596794
102,YAGIRRDGLLLRLVD,0,6827.492035
103,LVVGIYDEPMTPGQC,0,6070.03659032
104,PDTTCSEIEEFRDRA,1,1059.771089
105,SFGIVVAWQVKLLPV,1,22.419749
106,AKPDGKTDCTKEVEE,0,46728.971963
107,GETLLRAVESYLLAH,1,682.62492
108,ATSPTAEGGKATTEE,0,46728.971963
109,EGTKVTFHVEKGSNP,0,3652.30095
110,STWYGKPTGAGPKDN,0,46728.971963
111,VPEKYTIGATYAPEE,0,1651.800463
112,YTVALFLAVALVAGP,0,4731.861199
113,NPRDAKACVVHGSDLK,0,2358.778888
114,EAKITMLTNGQCQNI,1,638.841567
115,ATISATPESATPFPH,0,46728.971963
116,FEIKCTKPEACSGEP,0,46728.971963
117,NDFLKTGHYTQMVWA,0,2084.201751
118,AYVATVSEALRIIAG,0,1540.515559
119,VFGNCEGVKIIGISI,0,2187.864644
120,EAVSLLCSDKQPCNG,0,6366.72326
121,HPQDGDALTLRTATN,0,16722.408027
122,ATVATAPEVKYTVFE,1,53.317978
123,QKLIEDINASFRAAM,1,263.287229
124,AAPANDKFTVFEAAF,1,16.40472
125,EQCGRQAGGKLCPNN,0,21097.046414
126,EPGHLAPTGMFVAAA,0,1632.72531034
127,IKGTAPFETHANRIV,0,18610.421836
128,DVDLFLTGTPDEYVEQV,1,264.251991
129,IPFVHLGHRDALEDD,1,625.469102
130,AINIFNVEKYGAVGD,1,77.249108
131,TEAPAAPAEGEKPAE,0,46728.971963
132,PGPNITATYGGKWLD,0,3772.635815
133,IKYTRPGDSLAEVEL,0,46728.971963
134,QNRMKLADCAVGFGS,0,2282.062985
135,ELKESWGAIWRIDTP,0,1985.702939
136,AGELQIIDKIDAAFK,1,1048.364551
137,DPWTIYAIGGSSNPT,0,31847.133758
138,VFNYETETTSVIPAA,1,300.05401
139,EYLNKIQNSLSTEWSPCSVT,1,435.743876
140,NDVSTYASGKVWGQK,0,12417.218543
141,VTMNDVKIEYSGTNN,1,141.726034
142,FWAVRGGGGESFGIV,1,683.340167
143,VGAATGAATAATGGY,0,46728.971963
144,KIEIDQDHQEEICEV,1,144.405722
145,TTSVIPAARLFKAFI,1,229.948492
146,IPTAFSIGKTYKPEE,0,25083.61204
147,AGSYAADLGYGPATP,0,15432.098765
148,ATTEEQKLIEDINAS,0,7907.221929
149,KWHKHYLVCNYGPSG,0,5584.512286
150,PCLFMRTVSHVILHG,0,6132.461161
151,NGILKKLSSIKSKSR,0,46728.971963
152,VDSGAQLGELYYAIH,1,87.977056
153,KAIKESTGGAYDTYK,0,10775.862069
154,DTLRSYYADWYQQKPG,1,187.6556
155,NRIMADGGSIQNTNL,0,46728.971963
156,SPKARSERPAIVPPA,1,911.24476
157,KSIIKARVVWKAIIE,1,290.202755
158,ASNPNYLAILVKYVD,1,1182.499015
159,KDILEDERAAVDTYC,0,10467.63778
160,IIQGLKLMNSPEFHL,0,2838.758516
161,GIFYATSFLDLYRNP,1,1.0
162,PQQPFPQQPQQPYPQ,0,27322.404372
163,AVWVDGKARTAWVDS,0,10107.816712
164,GLVHVANNNYDPWTI,0,4789.272031
165,APATPAAAGAEAGKA,0,3316.98671529
166,SDDELPYIDPNMEPV,0,3811.368905
167,GILQAYDLRDAPETP,0,8923.259964
168,MSWQTYVDEHLMCEI,1,53.6384209101
169,RNSRWSSPDNVKPLY,0,46728.971963
170,VHRGAVPRRGPRGGP,0,5476.45126
171,SNKAFAEGLSGEPKG,0,9003.601441
172,CIEYVTLNASQYANC,1,295.269778
173,AYPSVLGQTIRNSRW,0,4792.332268
174,DVKFPGGGQIVGGVY,0,2699.996303
175,FLPVFLAQPPSGQRR,1,122.294443
176,MASSSSVLLVVALFA,1,67.936321
177,QFKPEEITGIMKDFD,0,3855.55272402
178,RFDTNGDGKISLSEL,0,7149.666349
179,RSQPGLCNMYKDSHHPARTA,0,4587.961685
180,APQLPDDLMIRVIAQ,0,30737.704918
181,MSSKFPELGMNASHC,0,26690.391459
182,NKELRLMYVNCVKKN,1,715.102975
183,LQSLVSQYFQTVADY,1,2.706616
184,LISRVLDGLVMTTIS,0,4715.498271
185,AVQVTFTVQKGSDPK,0,3438.789546
186,SVLLVVALFAVFLGS,1,1418.70803
187,DRPFQLFEFYAREPDV,1,3.452873
188,ASDVETAEGGEIHEL,0,6829.632463
189,AIKAGTGGAYESYKF,0,3361.721201
190,EKIEENGSMRVFVDVI,1,653.566293
191,IHIGDSSKVTITDTT,0,34965.034965
192,INEPTAAAIAYGLDR,0,4145.541763
193,IHKASTVLAFPAGVC,0,6640.106242
194,GANYFLQISRVNDLN,1,668.032422
195,TFGAASNKAFAEGLS,1,100.606321
196,ASLTEALRVIAGALE,0,5514.705882
197,IPKGDFLTGPLNFTG,1,297.672203
198,ANGYFSGHVIPACKN,1,994.431185
199,QRMMAEIDTDGDGFI,0,8038.585209
200,TDDNEEPIAAYHFDL,0,7625.826131
201,SNMLILNPTQSDSGI,0,7949.125596
202,VIPEGWKADTAYESK,0,18072.289157
203,LTGYSLFQKEKMVLN,1,97.5453041645
204,TVWEQILNTWLVKPG,1,602.458029
205,YCDMMSLNLTIVSVS,0,11923.688394
206,TEAFSTAWQAACKKP,1,1093.772787
207,GAYFVSSGKYEGGNI,1,1128.328569
208,SCWRGDSNWAQNRMK,0,3567.181926
209,AAPAAGYTPATPAAP,0,21865.889213
210,KPTAAGPKDNGGACG,0,46728.971963
211,YEGLSYRSLQPEEFA,1,312.54558
212,AKRMIAISAKVARDI,0,3198.294243
213,SQWGWCGSTDEYCSP,0,46728.971963
214,ENALSLLDKIYTSPLC,0,2010.993431
215,YFKGNFERLAITKGK,1,281.383657
216,MSMASSSSSSLLAMA,0,4520.79566
217,FDISKISGEWYSIFL,1,26.91056
218,IVPPADKYRTFVATF,1,694.251597
219,GGNFAGGGFGMLLRK,1,73.46459
220,IEGITLLNAKFFHMN,1,116.963624
221,EAAFTVSSKRNLADA,1,1371.742112
222,EALIHQLKINPYVLS,0,7752.272237
223,EGGNIYTKKEAFNVE,0,4573.170732
224,CGYKDVDKPPFDGMT,0,6544.502618
225,KGSNDHYLALLVKYA,1,1480.165779
226,STGGAYDTYKCIPSL,1,637.673766
227,PISVTAPPPQLPRPP,0,4193.458205
228,KGDEQKLRSAGELEL,0,1701.644923
229,MGEAVQNTVEDLKLN,0,9881.422925
230,AITAMSEAQKAAKPA,0,46728.971963
231,YTVFETALKKAITAM,0,2761.413844
232,IQYVNYWFAPGAGAA,1,705.616709
233,LQIIDKIDAAFKVAA,1,862.293539901
234,DEPMVQVEAGKVNHS,0,46728.971963
235,FKSGRGCGSCFEIKC,0,36496.350365
236,GMNPSHCNEMSWIQS,0,15447.991761
237,SHLIKIPLLIGYGNK,1,847.792912
238,ESWGAVWRIDTPDKL,0,6172.839506
239,VALFAVFLGSAHGIP,1,111.671121
240,CISMIGLCACVVDVW,0,46728.971963
241,FVHLGHRDNIEDDLL,0,8566.533409
242,AIKFDFSTGLIIQGL,1,103.126805
243,ADEKKFWGKYLYEIA,1,17.248847
244,ILSEGNSFTAPNESY,0,7392.804337
245,CGSTDEYCSPDHNCQ,1,837.708031
246,RIIAGTLEVHAVKPA,1,248.073297
247,PDNVKPIYIVTPTNA,0,9980.03992
248,RVIAQGPTATFEAMY,0,5399.568035
249,ILPNTLVLDFCDDAL,1,1024.030584
250,YEDAKSPLTASKLTY,1,1006.98174
251,DINASFRAAMATTAN,0,12145.748988
252,PGMAKIPAGELQIID,0,10869.565217
253,AASGADGTYDITKLG,0,7389.162562
254,GLGWYKIEIDQDHQE,0,8503.401361
255,AYKTAEGATPEAKYD,0,46728.971963
256,IFSKNLNIKLNMPLY,0,23112.48074
257,DFREFSRAKGLNQEI,0,2306.982467
258,TWQGGSGMASHIIYE,0,7688.364941
259,FVNQHLCGSHLVEAL,0,7105.757007
260,EPFPKRVWEQIFSTW,1,38.864232
261,RLFKAFILDGDNLFP,1,865.950814
262,VPLYNRFSYIPNGAL,1,331.939189
263,AEVELRQHGSEEWEP,0,5580.357143
264,KIPKKASEGAVDIIN,0,2298.498314
265,EEVDMTPADALDDFD,0,5797.948007
266,VPQLQPQNPSQQQPQ,0,24656.849472
267,VKITDKNYEHIAAYH,1,1236.909376
268,RCLVKEIPPRLLYAK,1,493.502221
269,ADVQYDLYLNVANRR,1,2.03559
270,TVAAAPQVKYAVFEA,1,410.767588
271,EDVGYPIIIDQKYCP,0,5945.30321
272,KLPWKNESSIKVIKQ,0,12573.34451
273,VDIKPKDSDEFIPMK,0,13761.46789
274,NLADAVSKAPQLVPK,0,15060.240964
275,DCISIGPGSTGLNIT,0,3258.744297
276,VIDVKLVDANGTLHD,0,14648.4375
277,EVQKVSQPATGAATV,1,776.397516
278,PTIGVGGNFAGGGFG,0,7190.795781
279,YLAILVKYVDGDGDV,1,130.996358
280,NNKYAASSYLSLTPE,1,2.424924
281,YGRIAECILGMNPSR,1,646.733384
282,IQLKCSDSMPCKDIK,0,17543.859649
283,VKDLKKIITRISAVS,0,16025.641026
284,FFHMNIYECKGVTVK,1,320.341698
285,IEENGSMRVFVDVIR,1,1256.281407
286,LAKYKANWIEIMRIK,1,158.374863
287,QLVMKANNSVIMNGA,0,14191.106906
288,GWDLNAASAYCSTWD,1,682.500683
289,HPDYAILAARIAVSN,0,7331.378299
290,ILNTWLVKPGAGIMI,0,1888.693024
291,VGNVAWMHVLAAKYI,1,1147.052076
292,GELELQFRRVKCKYP,1,1052.705453
293,GGGGESFGIVVAWQV,0,1642.395708
294,PPTVTIFKISKTVSE,0,3007.217322
295,YNYMEPYVSKNPRQA,0,3404.448479
296,LGQQQPFPPQQPYPQ,0,11944.96967
297,SLLVAPMPTASTAQI,0,6100.040667
298,ASTGGAYESYKFIPA,1,109.342197
299,YQSYGPSGQYTHEFD,0,18621.782938
300,KSTNGLRIKSYEDAK,0,10000.0
301,EGGAHLVQDDVIPAN,0,28790.786948
302,EAGKESCFCYFDCSK,0,6768.953069
303,AALAAAAGVPPADKY,0,30425.963489
304,GKIASCLNDNANGYF,0,5789.270552
305,QKYCPNKICTSKGDS,0,23148.148148
306,LLAMAVLAALFAGAW,1,122.509985
307,LFFNHHKVMLLGHDD,0,7342.143906
308,QSCRRPNAQRFGISN,0,16668.526341
309,VNYWFAPGAAAAPLS,1,1071.122536
310,EITGIMKDLDEPGHL,0,41296.9361207
311,ALRVIAGALEVHAVK,1,670.45099
312,VIIHGLHLYGCSTSV,0,6550.218341
313,GAGAAPLSWSKEIYN,0,6970.260223
314,FEAMYLGTCQTLTPM,1,1381.469884
315,SYVHVNGAKFIDTQN,1,581.823824
316,KLPKPPKPVSKMRMATPLL,0,6207.022908
317,EVVNDVSTFSSGLVW,1,504.880512
318,VLMEWLKTRPILSPL,1,114.103886
319,VKLVDANGKLHDKKS,0,26833.631485
320,EDDLLNRNNTFKPFA,0,6587.615283
321,NSLLTSPLSINTRMT,1,667.200427
322,SADFPQFKPEEITGI,1,935.683000977
323,IAFFRKEPLKECGGI,1,49.192424
324,YPFIEQEGPEFFDQE,0,46728.971963
325,SVTIKLDGNLLSSND,0,2909.796314
326,MVVERLGDYLVEQGM,1,226.576947474
327,AAHSAAFEDLRVSSY,0,2388.982875
328,EGHHLASAAIFGHDG,0,5946.04306426
329,PFPQPQQPFCQQPQR,0,46728.971963
330,LQPETFAVVDLNKMR,1,595.072797
331,LVLDFCDDALIEGIT,1,176.853424
332,PGHGISVGSLGRYKD,0,16251.35428
333,YKLGPSPKARSERPA,0,11755.485893
334,PTPLAKEDFLRCLVK,1,9.872532
335,DDCVAIGTGSSNIVI,0,8201.202843
336,LLDILDTAGLEEYSAMRD,0,3883.971628
337,GATRERSLWIIFSKN,0,3023.583955
338,DREVVANVIGLSGDS,0,7374.631268
339,QVPLVQQQQYLGQQQP,1,488.20179
340,APTGATTAAAGGYKV,0,46728.971963
341,YVENGLISRVLDGLV,1,949.908176
342,ENVLISPVSILSTLS,1,611.321677
343,SVRFSWLSLLVPFVQWF,1,35.701698
344,SDSWLKDSAIMVASD,0,4787.24205
345,ATAANAAPANDKFTV,0,46728.971963
346,DKISDVSTIVPYIGP,0,25446.790452
347,LDGNLLSSNDLAKYK,1,657.174151
348,NSLLFIPDIKLAIDN,1,516.938346
349,PEEFAVVDLSKMRAV,0,1711.742554
350,QEALEDFREFSRAKG,1,256.660336
351,RSLRTVTPIRMQGGY,0,1792.035298
352,EIDTDGDGFIDFNEF,1,429.746525
353,LSADQISTVQASFDKVK,1,316.729661
354,APGDSPNTDGIHIGD,0,46728.971963
355,YKALPVVLENARILK,0,1606.683805
356,YTTEGGTKTEAEDVI,0,35714.285714
357,MGDDGVLACAIATHA,0,12692.452513
358,GAIWRIDPKKPLKGP,0,32188.841202
359,EPTAAPAEPEAPAPE,0,46728.971963
360,KLRSAGELELQFRRV,1,311.53942
361,ASEAPPTSHRRASRQ,1,18.089099
362,RGYFKMRTGKSSIMRS,0,7118.668161
363,VKGDPVGILYAVFKA,1,800.768738
364,RQLIKTDISMSMPKF,0,7816.571131
365,NRFSYIPNGALKFVD,0,2368.171771
366,SVKRSNGSAEVHRGA,0,42979.942693
367,KGSNPNYLALLVKFV,1,782.554257
368,YLFAKDKSGPLQPGV,0,1702.997275
369,TIPQSLDSWWTSLNF,1,973.151202
370,TRILTIPQSLDSWWT,0,4558.694194
371,KVTAKGVSEANTCAA,0,8379.888268
372,SLSELTDALRTLGST,0,10183.299389
373,KEPLKECGGILQAYD,1,1063.905242
374,SSKAATAKAPGLVPK,0,7763.975155
375,AWASACGGTGKNTIV,0,18656.716418
376,FDKYGATISATPESA,1,546.667153
377,GVWTFDSEEPLQGPF,1,90.631155
378,ANWIEIMRIKKLTIT,1,1306.392615
379,NCVLKKSTNGLRIKS,1,394.415082
380,EPIAAYHFDLSGIAF,1,849.665798
381,NNLMMIEQYPYVVIM,1,138.537414
382,NSQDHGWDLNAASAY,0,35629.453682
383,KTMAVCTNAKVTAKG,0,5526.897568
384,GAMAKKGQEDKLRKA,0,5859.375
385,AASGAATVAAGGYKV,0,46728.971963
386,HDYEGLSYRSLQPET,1,1397.038279
387,LHFSEALHIIAGTPE,1,287.946557
388,EHGSDEWVAMTKGEG,0,33632.286996
389,AEEVEKIEKTEEPAP,0,46728.971963
390,DFNEFISFCNANPGL,1,803.772372
391,FETNVSHNVQGATVA,0,28901.734104
392,LASSCQVAFSYFPPP,1,73.520762
393,APYHFDLSGHAFGAM,0,1698.754247
394,GRSYAADAGYAPATP,0,6190.67272
395,ASKNFHLQKNTIGTG,0,6510.416667
396,HGSEPCIIHRGKPFQLEAV,1,820.342789
397,EISTNIRQAGVQYSR,0,3355.171262
398,KNVLKVGRLSAEELM,1,294.772662556
399,AGDGDVVAVDIKEKG,0,46728.971963
400,CKYGSLKPNCGNKVV,0,46728.971963
401,RNVFDEVIPTAFKIG,1,321.178511
402,ALKESWGAIWRIDTP,1,792.686149
403,AADHAAPEDKYEAFV,1,781.860829
404,DEPTLLYVLFEVFDV,0,5223.793496
405,KFVDSTVVASVTIID,0,5035.246727
406,GLVPKLDAAYSVAYK,0,1872.191712
407,GGSILKISNKYHTKG,0,6648.93617
408,ITMLTNGQCQNITVV,0,1673.360107
409,NRNNTFKPFAEYKSD,1,533.750845
410,APGAAAAPLSWSKDI,1,809.585492
411,SGLVWGQKYFKGNFQ,1,1238.134544
412,LQGPFNFRFLTEKGM,1,284.46265
413,SERPAIVPPADKYRT,0,18820.577164
414,AAASVPAADKFKTFE,0,5528.934759
415,PCVFIKRVSNVIIHG,0,7302.823759
416,NRQILDNAAKYVEHD,1,875.043752
417,DVLFRLENHAETLRA,1,440.024641
418,ASEGAVDIINRWQVV,1,70.028665
419,GKWYLKAMTADQEVPE,0,4098.360656
420,EAKYDAYVATVSEAL,1,310.462589
421,NASHCNEMSWIQSIP,1,142.516461
422,DLQMVIAGAKSKFPR,0,8021.390374
423,DGQGKAVWGKNSCAK,0,9085.402786
424,IAATAANAAPTNDKF,1,594.436078
425,QSCRRPNAQRFGISNYCQI,1,277.553213
426,KSSKPLVGPFNFRFM,0,2172.968275
427,FESTGNLIAPEYGFKISY,1,641.393497
428,CGRRHSVRIRVRSGG,0,6457.167456
429,ATTANVPPADKYKTF,0,46728.971963
430,NFRFLTEKGMKNVFD,0,3916.449086
431,IRGTSATAAAIQLKC,0,27372.262774
432,VKPLYIITPTNVSHI,1,1229.105211
433,PASWKNNRIWLQFAK,1,219.76412
434,DVFYNGAYFVSSGKY,1,38.01973
435,DKLTGPFTVRYTTEG,0,12615.643398
436,TPFPHRKGVLFNIQY,1,137.94245
437,IFSGNMNIKLKMPMY,1,1244.400199
438,IGRIAETILGYNPSA,0,4115.346677
439,DKGPGFVVTGRVYCD,0,32051.282051
440,KGNFQRLAITKGKVD,0,1595.914459
441,AVKPAAEEVKVIPAG,0,35714.285714
442,TFDGRGAQVYIGNGG,0,14381.591563
443,YRQIRSGERFLKIWS,1,1.0
444,FRDRARVPLTSNNGI,0,4622.496148
445,GTKGEAKDVIPEGWK,0,13032.14596
446,SKGDSARVTVKDVTF,0,13333.333333
447,DSNIMNSINNVMDEIDFFEK,0,3958.829428
448,WKPDTVYTSKLQFGA,0,8169.934641
449,AYSDDKSMKVTVAFN,0,3095.33636
450,NSCAKNYNCKILPNT,0,46728.971963
451,AAATATATAAVGAAT,0,46728.971963
452,IYECKGVTVKDVTIT,0,4120.879121
453,DESIFINKLNGAMVE,1,1493.131595
454,PLSWSKEIYNYMEPY,1,624.167776
455,AFALVLLFCALASSC,1,994.958875
456,VKEIPPRLLYAKSSP,0,6753.714543
457,QDHQEEICEVVLAKS,0,4452.359751
458,VDGIIAAYQNPASWK,1,661.025912
459,AAPEAARSLASSLPG,0,17543.859649
460,KQQGIRYANPIAFFR,1,491.738788
461,FTVFEAAFNNAIKAG,1,1176.286073
462,GVLACAIATHAKIRD,1,364.735212
463,CKDIKLSDISLKLTS,1,1151.277918
464,DCLLCAYSIEFGTNI,1,234.799282
465,LSSNDLAKYKANWIE,0,8965.929468
466,ENVKMEDVGYPIIID,1,644.136213
467,SGHVIPACKNLSPSA,0,46728.971963
468,AKAIITPVVFYRSGT,1,624.869819
469,RVYCDPCRAGFETNV,0,5048.805116
470,LEKISNEIKIVATPD,0,9907.529723
471,SPLTASKLTYENVKM,1,705.616709
472,KALYDLQRSAMVYSS,0,8264.46281
473,KDVTFRNITGTSSTP,0,1981.277145
474,DQAMEDIKQMEAESI,0,4769.029624
475,FLTGPLNFTGPCKGD,0,7215.007215
476,KTLEAAFTVSSKRNL,1,117.750495
477,TNFKYNYSVIEGGPI,0,2136.143549
478,RSLWIIFSKNLNIKL,1,195.574794
479,KRVSNVIIHGLHLYG,1,759.416768
480,QPCNGVTMNDVKIEY,1,1142.770075
