0,DENPVVHFFKNIVTPRTPPP,1,19.768564
1,IITPTNVSHIQSAVV,1,302.757326
2,LLKILVLSILSSPTK,1,8.2665
3,ELLEFHYYLSSKLNK,1,6.207692
4,EAVSLLCSDKQPCNG,0,20344.911467
5,AYTSSDDQISLFDQS,1,1433.76374
6,CTNFKTQLVLSSMVN,1,84.987423
7,AALAAAAGVPPADKY,0,3143.558906
8,ASFIYDGRLVDSIGS,1,408.576251
9,DHTNFKYNYSVIEGG,1,268.062222
10,LDEVYNAAYNAADHA,0,12415.695257
11,PVGEIYKRWIILGLN,0,2596.63684437
12,CQFLKVEKSQLLNEF,1,108.64598
13,NLVIEGPTTCGYLPT,1,1013.321733
14,EEDKENALSLLDKIYT,1,1054.455085
15,NAGFKAALAAAAGVP,1,36.709485
16,DYDVVYLKPLAGMYK,1,375.509617
17,WNRKELLVTFKNAHA,0,46728.971963
18,NNVVQALTSLGLLYT,1,384.860724
19,NKELRLMYVNCVKKN,1,64.907495
20,GTKGEAKDVIPEGWK,0,11691.107769
21,SIINHKFCNLSDAHK,1,90.68137
22,QASVNGVTLIGESVK,0,4923.501493
23,NYLALLVKYVNGDGD,1,243.355453
24,VVPDGYKLTGNVLIL,1,672.21204
25,LIEDYFEALSLQLSG,1,53.372918
26,VIPAGELQVIEKVDA,0,9455.597888
27,WGAIWRIDTPEVLKG,0,1645.872605
28,AGYLVGRKPLAFFSW,1,11.330291
29,LASSCQVAFSYFPPP,0,5524.076602
30,ANQFNKAISQIQESL,1,519.456776
31,AKAIITPVVFYRSGT,1,811.293404
32,AYESYKFIPALEAAV,1,26.721267
33,KFLANVSTVLTGKYR,1,560.844633
34,IPFVHLGHRDALEDD,1,14.840008
35,SEFENDEHIILYLVN,0,46087.35
36,RQANFLGKIWPSHKGR,1,629.39922
37,ASYNTHETICPEPTIDE,0,37356.713527
38,MRSLKAPAVVSVSSP,1,585.739183
39,GETLLRAVESYLLAH,1,1031.832982
40,SVKRSNGSAEVHRGA,0,26130.778374
41,ILKGVINIWGSGLLQ,1,453.440508
42,LLESLSSLGAHLDSD,1,147.274092
43,QMSIQLINKAVNALI,1,7.346278
44,STWYGKPTGAGPKDN,0,9367.208274
45,WKSDMSKLLNLKSDL,1,10.508911
46,DVFYNGAYFVSSGKY,1,59.475438
47,QKEYMERQGKTPLGL,0,3299.916487
48,NDDVDQSLIIAARNI,1,1360.712046
49,KGLHHLQIILSGKMA,1,25.621659
50,ALFSGVSWVMKIGIG,1,236.673029
51,DITVKNCVLKKSTNG,1,656.087684
52,FNSLISIAQHLVSDR,1,14.846882
53,GGESFGIVVAWKVRL,1,221.456798
54,IDQHVKLACSLPHGRL,1,105.632366
55,LDGVNLVASQPIFTG,1,1340.882848
56,KIEIDQDHQEEICEV,1,410.384651
57,TGSDGKTTWCSQTDY,0,12053.241528
58,LCQYLNTLTLAVPYN,1,270.072798
59,CTSVVLLSVLQQLRV,1,930.838146
60,GDGKISLSELTDALR,0,12806.95411
61,HPQDGDALTLRTATN,0,2600.743028
62,KNTIVIPKGDFLTGP,0,4538.626188
63,LFFNHHKVMLLGHDD,1,58.252246
64,AMFVEDIAMGYVVSS,1,228.638586
65,SLYNTVATLYCVHQRIEV,0,3841.000363
66,LDGNLLSSNDLAKYK,0,2770.587509
67,EAAFNKAIKESTGGA,1,667.839864
68,GRYNCKCCWFADKNL,0,1616.265583
69,AAYKLAYKTAEGATP,1,51.001476
70,VDLFVFSTSFYLISI,0,46728.971963
71,TRSAYERMCNILKGK,1,450.836453
72,WLLIEVLKGMKTTSE,1,15.82298
73,SLYVRASGRVTVSTK,1,11.184938
74,PRYVKQNTLKLATGM,1,29.147562
75,NLYIKSIQSLISDTQ,1,22.174476
76,QRMMAEIDTDGDGFI,0,17069.078223
77,ENVIDVKLVDANGKL,0,6904.499671
78,NGNATPQLTKNAGVL,0,6633.757566
79,NLPLQLGFSTGVNLV,1,289.709888
80,AAPEAARSLASSLPG,0,12657.051635
81,ALSYYPTPLAKEDFL,1,682.557229
82,CFKYLLIQGHYDQKL,1,304.075462
83,MVVERLGDYLVEQGM,0,6712.906549
84,NKFVSPKSVSGTFVA,1,1130.780959
85,MDVNPTLLFLKVPAQ,1,138.318716
86,FLAVAVVLGLATSPT,0,9065.265192
87,MSWQTYVDEHLMCEI,0,1898.64528128
88,AKSSPAYPSVLGQTI,0,2867.489165
89,RFKYLLNVSYLCHLV,1,26.569293
90,TTSVIPAARLFKAFI,1,10.660356
91,VPKKKKDKDIPQSSE,0,46728.971963
92,RMVLASTTAKAMEQM,1,134.18969
93,GATVAVDCRPFNGGE,0,4183.970506
94,IPIQLLPNTLVFQAK,1,7.060442
95,KWHKHYLVCNYGPSG,1,91.088578
96,EILIIIMRTFRIAIW,1,99.593519
97,KDYIALNEDLRSWTA,1,1024.274865
98,DIIFDIYFAILMMSC,0,4911.077208
99,DLGYAPATPAAPGAG,0,6453.447534
100,FGTMPSLTLACLTKQ,1,586.903237
101,IWDYKREAPAHVSTI,1,1426.897408
102,PVGEIYKRWIIMGLN,1,385.872511485
103,KFPELGMNPSHCNEM,0,2641.339889
104,WELGLSPQQICTNFK,0,6268.424179
105,IKGTAPFETHANRIV,0,16913.278517
106,NMLTHSINSLISDNL,0,4918.34087
107,KLKFNSVIVNPSLNG,1,30.213626
108,IKCFEKFLEPKVKFG,1,385.281233
109,FKKWCGMLSTKSIDL,1,442.252902
110,VIPEGWKADTAYESK,0,5524.613473
111,LHRVVLLESIAQFGD,1,48.090727
112,ATFEAMYLGTCKTLT,1,244.24148
113,LGFSSEVLKLKDEVR,1,1495.458596
114,RSKFLLMDALKLSIE,1,104.636704
115,LGIISHLLKTRDNSV,1,137.985983
116,LVKPGAGIMIFDPYG,0,19679.778879
117,KAIKESTGGAYDTYK,0,29836.791576
118,PTHRHLKGEACPLPH,1,396.637997
119,IAFFRKEPLKECGGI,1,27.768755
120,WKVRLLPVPPTVTVF,1,79.23796
121,LNIKLNMPLYIAGNK,1,139.63923
122,PIEHIASMRRNYFTA,1,314.393016
123,ITLNTNAELFNQSDY,0,18060.172438
124,QVAFSYFPPPAAKED,1,329.500653
125,PRARYGLVHVANNNY,1,586.618286
126,PWNVVRIKIVQMLSD,1,182.961783
127,GAEVHIGNGGPCLFM,0,11479.083708
128,PPTVTIFKISKTVSE,1,6.619749
129,SKMSVVMRNTTWEGQ,1,8.851477
130,SKLTYENVKMEDVGY,1,1004.744644
131,PDTIDFLIMRNLTNL,1,9.711036
132,VIIHGLHLYGCSTSV,1,428.262161
133,AEEVEKIEKTEEPAP,0,2728.123285
134,GKGTLDGQGKAVWGK,1,473.013791
135,MVFILLPQRNQMLSV,1,8.239608
136,GTGVLTPSSKRFQPF,1,37.187081
137,VKGDPVGILYAVFKA,1,44.363241
138,ATTEEQKLIEDINAS,0,8750.998371
139,KFPLKLRGTAVMSLK,1,1105.468336
140,EWATPFPHRKGVLFN,0,5472.044907
141,ITKLGAKPDGKTDCT,0,1858.876888
142,KSSKPLVGPFNFRFM,0,8708.996755
143,AAPANDKFTVFEAAF,0,9514.784837
144,KSAFQSSIASGFVGL,1,27.486496
145,YPIILRLGSQLSLSM,1,50.990077762
146,GWDLNAASAYCSTWD,1,693.545216
147,SLSELTDALRTLGST,1,94.033741
148,APYMVGDVITSGDIT,1,92.325642
149,PASWKNNRIWLQFAK,1,34.274749
150,ATISATPESATPFPH,0,19839.795715
151,DPWTIYAIGGSSNPT,1,314.188249
152,SVRIRVRSGGHDYEG,1,659.066635
153,KSIIKARVVWKAIIE,1,378.209698
154,SMVGLFSNNPHDLPL,0,3365.348524
155,ETVEKIVDQYREPVK,0,6273.285655
156,CSGEPVVVHITDDNE,0,46728.971963
157,VDGRGNYNTDLLPDW,0,46728.971963
158,VLDILTANKLIRQKL,1,25.260458
159,VSDPSKLNNQFGSMP,0,5789.867264
160,SRVLNYDFNKLTALA,1,91.802421
161,TEKGMKNVFDDVVPE,0,9085.454762
162,AASGADGTYDITKLG,0,5426.920557
163,ITDAVGNDMPGGYCL,0,46728.971963
164,KSVPLEMLLINLTTI,1,1009.750003
165,NPRQAYANYRDIDLG,0,26664.422588
166,GKIASCLNDNANGYF,1,140.673901
167,KDKWIALKESWGAIW,1,561.873598
168,KENIKYEVAIFVHGP,1,297.204314
169,PAADKFKTFEAAFTS,0,3311.134391
170,FKIMLKALSHLSLGL,1,1.800058
171,KSLFFLDEPLKSVPL,1,6.432514
172,RYFLMAFANQIHHID,1,21.815014
173,QNRMKLADCAVGFGS,0,1561.530292
174,NNLMMIEQYPYVVIM,0,3765.754741
175,SAIRAAPEAARSLAS,1,132.65584
176,TKIMSSKRILERESV,1,45.262121
177,TVGTKTFLVHREWFM,1,96.931621
178,CGYKDVDKPPFDGMT,0,3938.900975
179,NLADAVSKAPQLVPK,1,425.774547
180,EKIEENGSMRVFVDVI,0,11363.320883
181,QKLLLEEGVPSHIMS,1,1391.860781
182,NSFTAPNESYKKQVT,1,1341.802591
183,SLLVAPMPTASTAQI,0,5397.199149
184,ERFAVNPGLLETSEGCR,1,462.973763
185,EEDLNKLRDLNKEVD,0,25622.712199
186,QGEPGRVIRGKKGAG,1,922.887542345
187,KFDSRLAFHHMARELH,1,47.057093
188,VPFNVAQAYCIGKLK,1,68.927792
189,LRTKLMTSRRVLEKE,1,6.044855
190,CGSTDEYCSPDHNCQ,0,25060.177522
191,SKTHLNFERSLKAFF,1,10.544654
192,ITDTTIGTGDDCISI,0,46728.971963
193,PIYIVTPTNASHIQS,1,100.442522
194,SFLVQAGNVQLRVIG,1,572.389568
195,QGVYMGNLSQSQLAK,0,41753.744435
196,YLQMNSLRAEDTAVY,1,62.944381
197,LYKGVYELQTLELNM,1,276.533496
198,SSKAATAKAPGLVPK,1,1420.011566
199,ANGYFSGHVIPACKN,0,1717.728669
200,LSYYKLGASQRVGTD,1,116.048536
201,KTLILLETFVRVNPD,1,909.554414
202,SLDKFLANVSTVLTY,1,1137.11596
203,DLGKKRFLLIRNSTW,1,5.223124
204,CDPKRYFVPIFSEAV,1,602.322632
205,NSQDHGWDLNAASAY,1,1196.649256
206,FETNVSHNVQGATVA,0,2731.819855
207,VSLIAIIKGIVNLYK,1,30.866226
208,ALSINELSNLAKGEK,0,2137.320297
209,AWVDSGAQLGELYYA,0,16032.065416
210,LGAWVLGEPKMTKAL,1,223.464082
211,SVAYKAAVGATPEAK,1,455.391599
212,YKALPVVLENARILK,1,339.646124
213,KGKSAWYVDTEIINE,1,248.539885
214,QFGTMPSLTMACMAK,0,3879.166088
215,YEAQILNYSKAKSSLES,1,23.06044
216,TFHVEKGSNPNYLAL,0,9036.435631
217,KIGIGVLLTWIGLNS,0,4908.505131
218,EAVVKTLQPVSDLLT,1,220.786343
219,IHLLNSNALLRALRL,1,101.556766
220,EVVWTNTPTKWDNSF,0,6563.910963
221,TLTPMMSSKFPELGM,0,29165.707784
222,AYVATVSEALRIIAG,0,3198.397211
223,AWASACGGTGKNTIV,0,11227.342027
224,NISGYNFSLGAAVKA,1,1069.673853
225,CSPSRLPGPSDTPILPQ,0,43572.984749
226,IDLWSYNAELLVALE,0,16706.624722
227,PIIIDQKYCPNKICT,1,255.34884
228,EVQLVESGGGLVQPG,0,46728.971963
229,SNNGIKQQGIRYANP,0,1936.026807
230,KGSNPNYLALLVKFV,1,78.235903
231,DCIMTSYQYLIIQNT,1,604.390842
232,NRQILDNAAKYVEHD,0,1938.436877
233,QLALHKMKSSDAREE,1,85.718492
234,VALFAVFLGSAHGIP,1,101.423861
235,LNHVRIPIGYWAVNP,0,1852.379976
236,FRILSSISLALVNSM,1,746.466442
237,GLHLMIGLAKRSQDS,1,91.686061
238,CSNSHVNTLRFLVKN,1,41.947925
239,TDDNEEPIAAYHFDL,0,1545.599263
240,GLNITGVTCGPGHGI,0,4503.538981
241,YNNNEAFKVENGSAA,0,3271.535366
242,KRFFLPVFSDEVLAG,1,504.787424
243,TNILLNVPLRGTIVT,1,44.513004
244,NPDILRVYANLGERV,1,969.472363
245,AVQVTFTVQKGSDPK,1,759.226847
246,NSLLFIPDIKLAIDN,0,46728.971963
247,MKEGRYEVRAELPGV,1,1279.65734
248,IQLKCSDSMPCKDIK,0,5779.95799
249,APGDSPNTDGIHIGD,0,46728.971963
250,KVGEVCSFYADPKRY,1,1259.694679
251,FRNQWLLESDHLISE,1,55.684537
252,SYTIVSSLGVDDVGT,1,118.833594
253,TWQGGSGMASHIIYE,0,10089.858019
254,VAYFNMVYMPASWVM,1,21.402679
255,DRTELLEMVCFHEFL,0,3040.044407
256,LQPETFAVVDLNKMR,0,4962.860659
257,PRSLFPEFSELFAAF,0,9430.58807
258,DILLRMSKMQLGSSS,1,644.063178
259,LGASPYKLGPSPKAR,0,1884.767609
260,MFNMLSTVLGVSILN,1,823.971142
261,RLKSLVNDLTDKNNLLE,0,61919.504644
262,AIFVHGPTTVESHGN,0,1914.64726
263,CPLDHVNTLHFLTRG,1,6.593117
264,SGHVIPACKNLSPSA,1,642.028333
265,IYWTIVKPGDILLIN,1,287.487435
266,RDIFLSQHHPSSLLL,1,85.893239
267,MLVLTHGLASVVVHT,1,219.520745
268,IEGITLLNAKFFHMN,1,249.725804
269,SPGMMMGMFNMLSTV,1,466.306565
270,ILNTWLVKPGAGIMI,1,215.077197
271,IEENGSMRVFVDVIR,1,807.825826
272,DINASFRAAMATTAN,1,577.048523
273,EKDSPFKLSSSEPHC,1,1243.082536
274,FERLAITKGKVDPTD,1,167.999023
275,PNESYKKQVTIRIGC,1,186.785318
276,YCDMMSLNLTIVSVS,0,7563.342739
277,IAATAANAAPTNDKF,0,7340.368921
278,YNHVVAANALLFLMS,0,4299.407726
279,AAGDGNIVAVDIKPK,1,978.813245
280,SLELELIGSKRILDE,1,1315.922331
281,SNMLILNPTQSDSGI,0,13283.873609
282,VIPANWKPDTVYTSK,1,976.68757
283,LMSFTILCLVPAYSF,1,22.37814
284,DRLHPVHAGPVAPGQ,0,20819.969147
285,MRRLADQSLPPNFSC,0,4085.09
286,GEPKGAAESSSKAAL,0,1797.381233
287,GELQIVDKIDAAFKI,1,63.003545
288,SHLIKIPLLIGYGNK,1,35.819511
289,KEPLKECGGILQAYD,0,2419.774003
290,LIKTLQSKLSRNFTK,1,4.774734
291,CKDIKLSDISLKLTS,1,115.694579
292,PDNVKPIYIVTPTNA,0,4739.107904
293,ILKGLYNFATCGLIG,1,66.918314
294,AASIIGILHLILWIL,0,6617.178345
295,TEKQTSLTDRQQKLKD,0,58997.050147
296,CVPKVTFTVEKGSNE,0,3841.335311
297,YREEIYRKGLGNFVQ,1,151.258872
298,ISPYNSQNAVASKIL,1,798.634457
299,LDSSDTIWMDIEGPP,0,46728.971963
300,LGNVLINESFGVEPV,0,3776.794461
301,FDRLETLILLRAFTE,1,12.514792
302,MASSSSVLLVVALFA,0,46728.971963
303,ESSFVMMSAPPAEYK,1,19.928469
304,SGGNHMLLDGVSVVA,1,1305.391612
305,NARILKNCVDAKMTE,1,1210.512948
306,MDCIIFESASKARLP,1,277.552152
307,FKVQFLFSSMIDPLI,1,33.099705
308,EKMFVSPTPGQRNPY,1,488.967888
309,GLEWNDNTVRVSETL,1,300.172107
310,VTEFACVVAEAVVKT,1,2.298065
311,VFGNCEGVKIIGISI,0,2380.471595
312,LGQTIRNSRWSSPDN,1,376.925429
313,RSLPPIVKDASIQVV,0,10656.845297
314,NVKCKTPTQLAETID,0,2796.793947
315,WAVKPKAVRQIEDQL,1,1157.166689
316,GALLLWMGINARDRS,1,22.070953
317,KGILGFVFTLTVPSE,1,7.013456
318,KLFEFNRNAIKTLQN,1,8.275915
319,MWALGENMAPEKVDF,0,21639.56
320,LISRVLDGLVMTTIS,1,750.517811
321,AAFNNAIKAGTGGAY,1,168.448052
322,FERQYKELQTQAEDDRR,1,89.430876
323,YEAFVLHFSEALHII,1,373.758849
324,AAMGLRISSSFSFGG,1,759.309991
325,ANGKLHDKKSMGDDH,0,6431.149662
326,IYEPEDLGNCLNKSD,0,46728.971963
327,MGNSKSKSNPSSSSE,0,46728.971963
328,DKVYEILKINSVKYY,1,34.319321
329,FDISKISGEWYSIFL,0,4315.606136
330,LGTFDTTQIIKLLPF,1,150.641689
331,LRPTFDTRLMRLEDE,1,108.352284
332,DIDLGRNEVVNDVST,0,5845.659663
333,ADSEITETYKEGDAV,0,14782.053609
334,PIVKDASIQVVSAIR,1,771.104409
335,KIPTHRHIVGKPCPK,0,5432.862326
336,FMRMAWGGSYIALDS,0,2776.341296
337,SDFYALISERFINYA,1,24.256532
338,DRVLDILEAVKLIRK,1,114.386345
339,EIPSFRWTQSLRRGL,1,22.231199
340,GITIKKTGQALVVGI,1,196.698706963
341,IDLTKIDRCFQLRGNGV,1,46.270034
342,MGAVTTEVAFGLVCA,0,13466.71585
343,ATATATSAVGAPTGA,0,26323.28686
344,YEEFCDAVYENDKLK,0,34327.189774
345,LKGSETTVTERIFRE,0,6407.843814
346,FAEIMKICSTIEELR,1,213.784433
347,ITAMSEVQKVSQPAT,1,767.181939
348,EEVMNIVLIALSILA,1,206.088497
349,EAANLAEVRSYCYLA,0,5834.97558
350,LCHICWKPLPTSITV,1,334.226581
351,DDGRNIAWDNDKLES,0,5711.191941
352,VRKTIPDVIELAYQK,0,4850.847567
353,ATSPTAEGGKATTEE,0,46728.971963
354,IKQTLIAIHTLAIRYANRTDV,1,12.192897
355,PGMAKIPAGELQIID,0,32638.30644
356,TIIKALGALDSPREI,1,25.979886
357,VSKAPQLVPKLDEVY,0,46728.971963
358,QGSVITVQGADDIKK,0,39617.0893
359,LSSNDLAKYKANWIE,1,128.502277
360,KNVLKVGRLSAEELM,1,13.3616832853
361,YHFDLSGHAFGAMAK,0,2006.272283
362,KFTQFAGKDLESIKG,1,289.726865
363,INISGYNLSLSAAVK,1,107.731679
364,STWLLKPGAGIMIFD,1,677.746844
365,NSCAKNYNCKILPNT,0,18296.982842
366,HLRKVILSEISFHLV,1,133.947234
367,VHRGAVPRRGPRGGP,0,3565.193231
368,GAIWRIDPKKPLKGP,1,4.031862
369,RQAEPSLYGRHNCRC,0,7457.48857
370,RTATNIWIDHNSFSN,0,10192.712179
371,TLSYYKLGASQRVGT,1,1156.381381
372,ASTVHATATIPLQAS,0,5149.767734
373,CIALDMMNENLGIIS,0,9831.794103
374,GWPYIGSRSQIIGRS,1,9.828106
375,TLLRAVESYLLAHSD,1,821.981991
376,IGNGGPCLFMRTVSH,1,958.174258
377,KFFYLLGLSAIMQVF,1,35.720178
378,PTLAFPAGVCPTIGV,0,2604.10083
379,DRPFQLFEFYAREPDV,1,689.915743
380,AGDLGRDELMELASD,0,46728.971963
381,SGPLKAEIAQRLEDV,0,4885.821661
382,ILPNTLVLDFCDDAL,0,8763.717687
383,IQAEFYLNPDQSGEF,0,3401.224248
384,REEHYIVLSSELRLS,1,103.174222
385,FWRGENGRKTRSAYE,0,2023.695969
386,LGHRDALEDDLLNRN,0,7081.051165
387,GGGFGMLLRKYGIAA,1,1.599932
388,EDVGYPIIIDQKYCP,0,19695.144343
389,MSSFLGKWKLSESHNFDA,0,46082.949309
390,KLRSAGELELQFRRV,1,1444.615731
391,CMTVQGGETMNSVIQ,0,27429.397592
392,LRKDYIKRQGSTPLA,1,250.931815
393,ITKGKVDPTDYFRNE,0,2668.381458
394,TALKKAITAMSEAQK,1,599.687172
395,SGDVIVKAIGALEDI,1,33.949374
396,RLMSMKSVQNNTVLK,1,166.161325
397,SGTNNKTMAVCTNAK,0,3799.615339
398,GVWAPFNVLKVIRSE,1,15.043501
399,SNKAFAEGLSGEPKG,0,6631.91365
400,SPKARSERPAIVPPA,0,46728.971963
401,LRLFDYNKNAIKTLN,1,486.442714
402,DVVPEKYTIGATYAP,0,8061.574055
403,LFKEKEVKKEIKDPL,0,1655.481369
404,KSRTLKSFFAWSLSD,1,566.981631
405,YVDRFYKTLRAEQASQEV,1,100.497636
406,FLHLVGFPTHRHIRG,1,15.380339
407,APTGATTAAAGGYKV,0,38572.824106
408,AVGGVLLFLSVNVHA,0,46728.971963
409,LNTLVKQLSSNFGAI,1,117.082113
410,FSTGLIIQGLKLMNS,1,50.798866
411,ASNPNYLAILVKYVD,1,18.607127
412,AAFTSSSKAATAKAP,1,14.261923
413,PDEYVEQVAQYKALP,1,1305.574639
414,KQKLALGGSIAVKIT,1,726.103917
415,AAKEDFLGCLVKEIP,1,910.226421
416,NYNCKILPNTLVLDF,1,305.690479
417,VKDLKKIITRISAVS,1,55.456776
418,KSYVKSKLKLLKGSE,1,89.683153
419,SDYVYQPFPKTVWEQ,1,24.200719
420,TTEMLSRALKKVPVD,1,17.347969
421,TLVLKMLHSSSLTSL,1,124.377397
422,PQLTKNAGVLTCSLS,1,709.535991
423,KWVQMCSRTLKNSHQ,1,16.64132
424,AAGAATTAAGAASGA,0,14169.437474
425,SWLNLAAHHPLRMVL,1,100.064057
426,MSLLTEVETYVLSII,0,5984.077209
427,CKTLTPLMSSKFPEL,1,297.612953
428,QFKRASPILRFLYAN,1,38.121659
429,GIRHLFGNYITNDSY,1,641.557439
430,LVTMPIGYVTHGFNL,1,76.153278
431,RNFQKVNPEGLIKEF,0,2514.825641
432,SSILTDSQTATKRIR,0,8881.528822
433,LDGALKAKQSAESKLEG,0,3039.10462
434,NKVKSLRILNTRRKL,1,1.970197
435,PYGATISATPEWATP,0,6894.999142
436,DYEYKVSKLVSRLVI,1,31.33039
437,AENNLQITEHKRLQLAN,1,43.217217
438,FCALILAYSNKTVGE,1,415.244673
439,GAGAAPLSWSKEIYN,0,26663.84587
440,EFIPMKSSWGAIWRI,1,24.385088
441,DFNEFISFCNANPGL,1,252.250164
442,RRNVATLQAENVTGL,1,1250.043147
443,PTIGVGGNFAGGGFG,0,46728.971963
444,LANAGRSSGSRRPLG,0,21651.267304
445,SSKLNKFISPKSVIG,1,115.545942
446,AINIFNVEKYGAVGD,1,125.752758
447,EIDSADKSGCIHNHD,0,19250.45352
448,HEAINIALIAVSLIA,1,311.934441
449,IIPDGYKLIDNSLIL,1,591.980343
450,VIGLLPQNMVLTTQG,0,1533.354464
451,DKPFQNVNRITYGAC,1,27.508035
452,QTYVTQQLIRAAEIR,1,249.893806
453,KLNKFVSPKSVVGNF,1,37.730131
454,MAFLEESHPGIFENS,0,2628.78455
455,PEFYEAMYTPHTVLQ,1,317.190799
456,ASLFLHLVGIPTHRH,1,341.328751
457,HFLLRGPFEASWAIK,1,950.732694
458,EGGAHLVQDDVIPAN,0,2726.137203
459,LRIKSYEDAKSPLTA,1,593.603624
460,LRNVACQEAVKLKLI,1,1090.884818
461,RQKIIYSGAVNLDDE,0,14416.895188
462,IYECKGVTVKDVTIT,0,1599.329131
463,FVERSKAYSNCYPYD,1,376.853778
464,FIRINNLKVKMAQED,1,21.145344
465,AFKVENGSAAPQLTK,1,591.438384
466,RVSDVSVLMKEYDVS,1,283.671107
467,LAQILMDNDLAATND,0,2509.662133
468,PRLLYAKSSPAYPSV,1,32.528132
469,LSADQISTVQASFDKVK,0,8011.767352
470,DEALNNRFQIKGVEL,1,1131.020517
471,NNEVLRLADELRQEQGN,0,4940.343053
472,CHFITKETPDRLTDQ,1,1313.438379
473,ALTKAITAMSEVQKV,0,4095.292193
474,SPTEFTSISSNSGNL,1,440.995477
475,QLVMKANNSVIMNGA,0,46728.971963
476,NLRLKGVTCRLFRQQ,1,26.793431
477,TKGEGGVWTFDSEEP,0,31672.303299
478,VVAVDIKEKGKDKWI,1,389.780084
479,LWTQSLRRELSGYCS,1,23.363035
480,EKPGNRNPYENLLYK,0,5959.592243
481,LLDNRSNHYEEVIAS,0,10641.610342
482,RNVFDEVIPTAFSIG,1,136.493666
483,TATYGGKWLDAKSTW,0,5377.695487
484,PKLEFGSLIVNPSLN,0,1971.661063
485,LDSQLNRLKSLTDDLQR,0,1985.400304
486,FWAVRGGGGESFGIV,0,2561.895497
487,VTDLFAAQPGLTSAV,1,31.212214
488,DIYISRRLLGTFTWT,1,1.0
489,EKDVTDITVKNCVLK,0,7079.26302
490,EVAFGLVCATCEQIA,1,938.667993
491,PCKGDSVTIKLDGNL,0,26560.635763
492,EEALNVALAVVTLLA,0,3816.171295
493,DVPDYASLRSLVASS,1,4.558688
494,LTKKGNVWEVKSSKP,0,22516.088713
495,KLSYGIATVREVLSD,1,452.12276
496,DMLKLFEFNKKAIET,1,81.02342
497,LVGPFNFRFMSKGGM,1,49.374368
498,DMTYRRLISMMGFKM,1,5.499287
499,IYHKCDNACIGSIRN,0,3890.764894
500,AQSLCFLLTQKSKSF,1,4.255913
501,RVIAQGPTATFEAMY,0,13992.276821
502,ASVGKMIDGIGRFYI,1,430.834029
503,GMTGCGNTPIFKSGR,0,46728.971963
504,VRVWDVKNAELLNNQ,0,8423.825623
505,AIGIITLYLGAVVQA,0,21539.564024
506,GVFHELPSLCRVNNS,1,5.248294
507,MVFTPLLALATNLTE,1,22.484887
508,IANIFTPLVQPVGAL,1,14.739232
509,TANVPPADKYKTLEA,0,24578.205115
510,PYVSKNPRQAYANYR,1,34.445671
511,TASKLLEDRVGLNHI,0,1519.324501
512,VQDAATYAVTTFSNV,0,2880.295199
513,TQLVLSSMVNPLVLS,0,2027.921874
514,PSSGCYIHFFREPTD,1,143.047391
515,GINITNFRAILTAFS,1,83.856174
516,SHIQSAVVCGRRHGV,1,111.193757
517,SKAALTSKLDAAYKL,1,1180.542249
518,TVAAAPQVKYAVFEA,0,28149.364968
519,DGTYDITKLGAKPDG,1,85.021208
520,HTLMSIVSSLHLSIR,1,12.096575
521,KHDDAIVRLRNAGIV,1,351.378469
522,LIRKKLMTSPKWVQM,1,4.181854
523,IDRLITGRLQSLQTY,1,7.974755
524,WLDAKSTWYGKPTAA,0,4341.975339
525,LQGPFNFRFLTEKGM,1,495.55061
526,IAYQEDEFFECFKYL,1,1222.053386
527,LDAYNMMISAGFSLW,1,603.383705
528,RQHGSEEWEPLTKKG,1,1452.825849
529,GLLSYVIGLLPQNMV,1,148.240817
530,GDGFIDFNEFISFCN,0,10458.29456
531,ETLYRIDGAHLTKMS,1,97.572394
532,LERYIYNREERVRFDSDVGE,0,3448.359892
533,DPVKLVKMWEDEVKD,0,2608.984869
534,RMFLAMITYITRNQP,1,77.530947
535,PNITATYGDKWLDAK,1,325.64593
536,PSHIMSVLDMGQGIL,1,832.701135
537,RFFVWGDEVPLLTKF,1,1020.000683
538,ASKNFHLQKNTIGTG,1,94.655017
539,ATPPPPPPPQLGASP,0,46728.971963
540,TILQRLGVLFGSRIA,1,68.656571
541,FEFNKKAIETLNDNT,0,3257.22683
542,ASPMLYQLLEAVYGN,1,194.379368
543,RICCEPKKTTNAEFT,1,143.671451
544,TVTVFKIPKKASEGA,1,14.016624
545,KVKFGHVSINPADIA,1,1189.81236
546,ASRELERFAVNPGLL,0,1834.385554
547,KLVLNIKYTRPGDSL,1,30.514715
548,GFIGLCKTLGSRCVR,1,4.011991
549,PTIIERNITEIVYLT,0,3415.445911
550,TPLTLVDICFWSTLF,0,46728.971963
551,RLKGVTCRPLKHKVE,1,68.716185
552,FVHLGHRDNIEDDLL,1,602.270417
553,QPFPKTVWEQILNTW,0,5332.958652
554,YQRSEEEKFPYIMGD,0,46728.971963
555,CTGMLKRRLGLMSLS,1,1.078189
556,IYKASPTLAFPAGVC,1,298.234405
557,DLEKYVEDTKIDLWS,0,5277.071306
558,AFALVLLFCALASSC,0,30137.028151
559,VFNICQAVTANVNAL,1,497.29124
560,PEFSELFAAFPSFAG,1,849.274651
561,PAGVCPTIGVGGNFA,1,63.058069
562,LQFAKLTGFTLMGKG,1,99.330487
563,IDYLVSNQSVRNRQE,0,2320.473192
564,KSIIIPFIAYFVLMH,1,279.407359
565,FGSMPALTIACMTVQ,1,395.290073
566,AYKTAEGATPEAKYD,0,4112.069599
567,DDCVAIGTGSSNIVI,1,738.026711
568,KDVTFRNITGTSSTP,1,116.894315
569,DFDGRSEFAYGSFVR,0,3202.840134
570,NKEVDRLMSMKSIQK,1,17.643974
571,DEPMVQVEAGKVNHS,0,20164.446182
572,GLDFNEMILLTMKNK,1,678.920288
573,GANYFLQISRVNDLN,1,10.393563
574,FRAAMATTANVPPAD,0,18472.749685
575,SMHLMLANAGRSSGS,1,45.386036
576,DEHIILYLVNFDKDR,1,217.799707
577,CNANPGLMKDVAKVF,0,10041.202338
578,SWIRSCPDLKDCLID,0,46728.971963
579,KYDAYVATLSEALRI,0,3435.174983
580,PGHGISVGSLGRYKD,0,6234.605981
581,ARVTVKDVTFRNITG,0,1883.597013
582,IDQVTIAGAKLRSLN,1,11.292648
583,TCEICALKPKIIYCN,1,618.299018
584,IISTFHLSIPNFNQY,1,31.423191
585,TVSLPVGADEDDIKA,0,46728.971963
586,AFKIGLHTEFQTVSF,1,1132.31557
587,KPTAAGPKDNGGACG,0,46728.971963
588,VAVSEGKPTEKHIQI,0,6548.510445
589,IVQNAYKQMIKSRTL,1,3.9732
590,DVEMTKEASREYEDK,0,3778.624572
591,DLLIEALSAMMLDRL,1,321.347394
592,IGGWLLLEPWISPSV,1,1349.005245
593,MGQLISFFGEIPSII,0,3680.621604
594,NRQIMDNSAKYVEHD,1,921.73314
595,AAATATATAAVGAAT,0,31604.293762
596,SSYVCSGLVGDTPRK,0,13961.626846
597,DASFKESFAIHLDYT,1,366.606654
598,IMRIKKLTITGKGTL,1,186.038749
599,AERTVTVRRVGPGGRAV,0,9153.353684
600,GATRERSLWIIFSKN,1,2.028125
601,PEIWHHLSTLIKQPD,1,16.400014
602,SQDILLAPLLSAGIF,1,86.673754
603,SCGLYKQPGVPVRWK,1,336.446497
604,DKKCIEWEKAQHGAC,1,571.017146
605,EEIITLNSYGSFQEF,1,92.973263
606,SKEEKDTNGTDRAEI,0,9976.114042
607,GLVPKLDAAYSVAYK,1,377.576825
608,FFVFLALAGRSCTEE,1,5.712388
609,SLPLFTGQASFDLAA,1,207.836988
610,RDCLIAHGAANTITE,1,444.068291
611,EQARKFEEPIWSDFG,0,46728.971963
612,QKLLKSIAATRGATV,1,25.698278
613,PTIDVKMMNMEAANL,1,371.731393
614,FEAAFNDAIKASTGG,0,3115.653746
615,SPALFLSFLYTLELK,1,80.511132
616,LQLVGIQRAGLAPTG,1,2.706056
617,CTNAKVTAKGVSEAN,1,350.661639
618,FDHDILPDKFYEEFC,0,6780.463578
619,SGLFQFIFFLLLAGR,0,2787.967406
620,VVAPQLPADLMIRII,0,4404.951469
621,ASLTEALRVIAGALE,1,299.310133
622,CFKYILIQAGFDQRL,1,305.478028
623,KVTFLSQVHPSPLLT,1,9.18955
624,PLGLLLKNLTTSSYV,1,10.502884
625,ALFKAIEAYLLAHPD,1,22.655656
626,DSTVIRNLKNAGLIV,1,10.194709
627,YTTEGGTKTEAEDVI,0,26072.657143
628,HGRQIRMAKLLGRDP,1,10.885659
629,PCVFIKRVSNVIIHG,1,83.600793
630,DTRLMRLEDEMKEGR,0,4810.789561
631,SDLLTNSVIIMAYVT,0,2242.941377
632,MLIESNLAGSNDNFL,1,1105.196657
633,LGTCQTLTPMMSSKF,1,240.24008
634,ASKILGLPTQTVDSS,0,2137.767853
635,SRTIYRGVSPSTTRLES,1,737.21523
636,KEGIVWVATEGALNT,1,336.448326
637,DDMIAAYTAALVSGT,1,946.03446
638,NGILKKLSSIKSKSR,1,17.059059
639,PVKIDNASPASTVHA,0,4571.813465
640,YEGLSYRSLQPEEFA,1,1054.531025
641,DSEEPLQGPFNFRFL,0,5911.276974
642,YTKKEAFNVENGNAT,0,12337.306485
643,PALFFTFLANLNLTE,1,100.47765
644,VCGVSAARLTPCGTG,0,2342.506704
645,VKLVDANGKLHDKKS,1,157.375226
646,SRAEVSYVHVNGAKF,1,67.781677
647,LLTKFVAAALHNIKC,1,65.793674
648,EEIRRIWRQANNGDD,1,88.143296
649,TYSQLMTLKDAKMLQ,1,55.397407
650,KSEVYEKGLGKFVKT,1,25.700474
651,FKPFAEYKSDYVYEP,0,4686.412592
652,LLVTFKNAHAKKPEV,1,52.825948
653,SGKAFGAMAKKGQED,1,39.32376
654,AYGIPKVPPGPNITA,0,9371.698214
655,FTVQKGSDPKKLVLD,0,8053.94677
656,QVNTSKTGINENYAK,0,28959.940597
657,SLGKMVHQIFGSAYT,1,89.758421
658,EITGIMKDFDEPGHL,0,15041.5172669
659,IQLVFSSMINPLVIT,1,54.325327
660,LMCLSPLMANLAPHL,1,702.332057
661,LKAEAQMSIQLINKA,1,1180.157436
662,ERRNKYLEEHPSAGK,1,1167.973448
663,VMRYTIDKEFEKICR,1,637.275282
664,DRVVFVLWAHGFELT,0,2232.456996
665,QRILRKSKRNDGDLD,1,532.660349
666,PGLLATNNVFRLKGG,1,414.95795
667,YDTYKCIPSLEAAVK,1,709.75407662
668,IVPPADKYRTFVATF,0,1830.245919
669,NQFGSVPAVTISCMT,1,881.241485
670,NRIMADGGSIQNTNL,0,46728.971963
671,DREVVANVIGLSGDS,1,484.960852
672,IVTHFPFDEQNCSMKLG,0,48780.487805
673,FTNFKVAYSKSLKEL,1,45.569331
674,MGDDHFWAVRGGGGE,1,345.320108
675,SFGIVVAWQVKLLPV,1,170.730869
676,FPKEVWEQIFSTWLL,0,9454.563821
677,KSRFFIWSQEVPLLT,1,182.239623
678,VKITDKNYEHIAAYH,1,474.840949
679,KQQGIRYANPIAFFR,1,272.965782
680,FLAVALVAGPAGSYA,0,13309.589516
681,AYSDDKSMKVTVAFN,1,350.438844
682,EDDLLNRNNTFKPFA,0,6164.991054
683,SSLGVDDVGTPELEL,0,46728.971963
684,PKDSDEFIPMKSSWG,0,2848.568144
685,YFRNEQSIPPLIQKY,1,673.772615
686,RNITGTSSTPEAVSL,0,1901.570238
687,IRGTSATAAAIQLKC,0,11360.413098
688,DKLKQQRDTLSTQKET,0,33416.514027
689,AIKAGTGGAYESYKF,0,8977.5858
690,KLCPNNLCCSQWGWC,0,24037.749678
691,IISIVQMAPVSAMVR,1,642.03819
692,KGSPEFDWILGWTIK,1,1339.291329
693,IGHLLRGRNHFIYIV,1,69.094946
694,DLTILGLAAEWVLAY,1,652.253006
695,IAGYKTFDGRGAQVY,1,14.253707
696,APTGMFVAAAKYMVI,1,5.22171158387
697,IPTAFSIGKTYKPEE,1,777.757672
698,MSMASSSSSSLLAMA,0,9187.898695
699,MATTLPVQRHPRSLF,1,128.931757
700,NVWEVKSSKPLVGPF,1,409.061612
701,SILKWHLHKVVEVPI,1,47.415302
702,IKDVLKYRWLNLSAN,1,26.267966
703,LITPAEKVVYKLLRF,1,79.390489
704,VGLVVQIDHVRMSTK,1,1.357597
705,PRGVTHDQLNNFRAG,0,2668.387076
706,AITAMSEAQKAAKPA,0,1741.244621
707,SSSSSLLAMAVLAAL,1,347.959663
708,GAVDIINKWQVVAPQ,1,393.200413
709,YKLIDNSLILLECFV,0,5537.937812
710,DSVTPMILKAQKGGNL,1,54.443711
711,LMDVVYSIALHPIDE,1,252.772092
712,RHIVGKPCPKPHRLN,1,282.915016
713,FTVFEAAFNNAIKAG,0,4575.056592
714,IKYTRPGDSLAEVEL,1,1289.143687
715,EFYLNPDQSGEFMFD,1,228.026171
716,GGSLRLSCAASGFTF,1,364.599949
717,PSPIGYLGLLSQRTR,1,12.109312
718,APATPAAAGAEAGKA,0,8358.27567788
719,DGQGKAVWGKNSCAK,1,1212.280149
720,QKLIEDVNASFRAAM,1,548.106951
721,KGGFMYLKELYNNVN,1,6.696236
722,NDFLKTGHYTQMVWA,1,50.898326
723,ADSVKGRFTISRDNS,1,534.850823
724,QKFVDTILSENGVVA,1,736.22779
725,VFRLKGGAPIKGVTF,1,331.498483
726,IGNTVTPTVTFTMDGDK,0,23967.242867
727,YAIGGSSNPTILSEG,0,2091.718272
728,VDIMVRDGQLTIKAE,0,3069.375843
729,KIDLWSYNAELLVAL,1,355.831469
730,IIAGTPEVHAVKPGA,0,4439.214291
731,NHVIQSVRRLYPKIF,1,9.838727
732,QIYFESYVRPFVATT,1,24.145577
733,CDDALIEGITLLNAK,1,1010.111487
734,LKSDLLRAGITLVPV,1,395.623134
735,DGYFLKIKVTAASPM,1,11.374938
736,FEIKCTKPEACSGEP,1,1220.354201
737,GAATVAAGAATTAAG,1,637.908899
738,DPDKDVDIMVRDGQL,1,290.978211
739,ARDRSIALTFLAVGG,0,2472.427123
740,AEVRSYCYLATVSDL,1,149.86846
741,LQLIQLINVDEVNQIVTTN,0,4489.194986
742,PRCWLIRNGSYLNTS,1,63.972081
743,KYKTFEAAFTVSSKR,1,690.03295
744,DLQMVIAGAKSKFPR,1,1204.561115
745,DQEYHRLIHSLSKTS,1,1.0
746,RFFLPIFSEFVLLAT,1,64.122919
747,TEAPAAPAEGEKPAE,0,26719.397475
748,GVWVLAEPTKGKNER,1,172.989642
749,LECFVRSTPASFEKK,1,14.591414
750,KIPKKASEGAVDIIN,1,1117.71662
751,PGKYTAYEGQRVVFI,1,601.223422
752,SLRLSCAASGFTFSS,0,3929.67945
753,GHMLDMYSVMLTNDN,0,5206.43998
754,HTVMPLSAPTLVPQE,0,2350.882412
755,GSLIVNPSLNGFLSK,1,48.604808
756,RDHICLLRPLLWDYI,1,64.036202
757,SRCYSIYLSINGVLE,1,693.257798
758,KAAVAAAASVPAADK,0,3557.704109
759,SHELMTMTRPILRLL,1,2.71061
760,HLFKTTVNSLISDQL,1,118.332904
761,EVKSFQWTQALRREL,1,10.668384
762,PTPLAKEDFLRCLVK,0,1638.23796
763,EPFPKRVWEQIFSTW,1,805.621329
764,ITVHTGDQHQVGNET,0,12459.892999
765,EVLKGPFTVRYTTEG,0,10905.080019
766,SVTIKLDGNLLSSND,1,483.972749
767,EHYTVLFSDLANSHQ,1,16.787486
768,MADDMERIFKRFDTN,0,6693.619874
769,TRLFTIRQEMANRGL,1,350.790623
770,RCYSLYIAENGELTE,0,10364.208904
771,IFSGNMNIKLKMPMY,1,1284.178575
772,TESTFKNISCTFKFGEE,1,102.315586
773,TVWAQSADFPQFKPE,1,968.978210141
774,YATFFIKANSKFIGITE,1,522.534512
775,LVDANGTLHDKKSMG,0,1708.031902
776,TAVAKCNEKHDEEFC,1,133.187874
777,DSKHQLDMIITAVNS,0,5929.248583
778,IHSLRRLYPSVFEKH,1,11.196742
779,GAMAKKGQEDKLRKA,0,1976.684442
780,SGRLKFLDVCVALDM,1,19.161857
781,VGNVAWMHVLAAKYI,1,364.448443
782,RQCCHKAMENFTDDD,0,29118.207148
783,KVKSLKLLNTRRRQL,1,8.972381
784,QKYCPNKICTSKGDS,0,5331.494877
785,KSMKVTVAFNQFGPN,0,3039.296705
786,LQGLRYFIMAYVNQA,1,1465.028672
787,NSELIRRAKAAESLASD,1,74.842579
788,CDMLRLIDYNKAALS,1,68.854668
789,VRSGGHDYEGLSYRS,0,1643.445134
790,AQLGLRKKTKQSITE,1,199.808366
791,LMCEIEGHHLASAAI,1,467.190912907
792,HCNEMSWIQSIPFVH,0,4629.31709
793,EPIAAYHFDLSGIAF,1,221.578717
794,ILVLILAHPSKRSQK,1,14.909558
795,LLNEFNNLYADKVSV,1,588.431979
796,KFVDSTVVASVTIID,0,1758.662152
797,IHKASTVLAFPAGVC,0,3366.770145
798,SDSWLKDSAIMVASD,1,235.950656
799,FWYVNHTGFNVHSLP,1,552.260136
800,AFKVAATAANAAPAN,1,542.415986
801,KTDCTKEVEEAWASA,0,31178.68117
802,VERSKAYSNCYPYDV,0,6310.279945
803,DKGPGFVVTGRVYCD,0,4694.315516
804,GSMAKKGDEQKLRSA,0,4511.65365
805,EFRNDWILESDHLIS,1,1479.774737
806,FKVAATAAATAPADD,0,1834.661882
807,TEDDFKNIAAAGLNHV,0,17789.652051
808,VDGIIAAYQNPASWK,1,146.327948
809,RVNNSYSLIRLSHNS,1,2.071101
810,RLKGKSCDDWLGGSV,0,1986.882998
811,RPGVSKKFLSLLTSS,1,183.836291
812,MFIRNCARKVFNDIK,1,6.638004
813,GLSGEPKGGAESSSK,0,5144.998941
814,QFRRVKCKYPEGTKV,0,2118.845254
815,RQLIKTDISMSMPKF,0,2749.593537
816,LAVFQPSSGNYVHCF,1,311.430855
817,KNKVNLLTHSINALI,1,327.077991
818,EFSNFKVAFSRSLND,1,39.326775
819,QQWIQFMMSRRRLLA,1,6.8196
820,SVLLVVVLFAVFLGS,0,46728.971963
821,GQKYFKGNFQRLAIT,1,63.860512
822,TAAFGVLLSNFGAPS,1,9.681622
823,ESWGAVWRIDTPDKL,1,40.586049
824,FVGYLKPTTFMLKYD,1,44.84532
825,TFTVEKGSNEKHLAV,1,725.93257
826,AIKFDFSTGLIIQGL,0,1604.284938
827,DTPYLDITYHFVMQRLPL,1,143.523692
828,SKSDDQIWLSQWFMN,1,845.468816
829,YNYMEPYVSKNPRQA,0,2194.5395
830,LGMNHVLQSIRRNYP,1,14.791334
831,GDVFVIREPFISCSH,1,9.468874
832,YEYKVQQAMSNLVLG,1,448.082401
833,AGLTHMMIWHSNLND,0,6752.756354
834,LVKYEGDTMAEVELR,0,4721.040152
835,ASQDVKNWMTETLLV,0,10779.767774
836,SRFFVMGEETPLLTK,1,979.445377
837,TMSLYMAISPKFTTS,1,87.894183
838,GKWLDAKSTWYGKPT,1,304.243217
839,FELLNAPATVCGPKL,0,4968.376317
840,GKARTAWVDSGAQLG,1,564.561219
841,ENVLISPVSILSTLS,0,2678.965535
842,YYAIHKASPVLAFPA,1,50.840016
843,HPDYAILAARIAVSN,1,1.0
844,YFPPPAAKEDFLGCL,0,15241.389796
845,DVLFRLENHAETLRA,1,187.924952
846,NIRYLVMAIVSDFSS,1,205.258522
847,GRSYAADAGYAPATP,0,25480.705034
848,LQMVGMRRPQQGASG,1,1.367814
849,GKSYDALATFTVNIF,1,813.256304
850,TMKNKAWMVHRQWFF,1,19.755263
851,LLFCALASSCQVAFS,1,274.112741
852,KYTVIITVHTGDQHQ,1,38.297079
853,AGSYAADLGYGPATP,0,1614.878527
854,KSHFAIGLALYYPSA,1,455.389896
855,KEQIDGYTMHANYIF,0,5418.378599
856,SCFEIKCTKPEACSG,1,70.809738
857,PQHMLMRVAVGIHQW,1,187.957761
858,DQYKDLCHMHTGVVV,1,41.656663
859,WIILGLNKIVRMYSPTSI,1,19.116149
860,CKYGSLKPNCGNKVV,1,439.792496
861,VIGVAFLAVFQSATK,1,336.742724
862,FAVVDLNKMRAVWVD,1,34.914439
863,ERIFKRFDTNGDGKI,1,804.842578
864,YVVSSFDNIKVFLEG,1,1339.815205
865,SADFPQFKPEEITGI,0,14937.8995821
866,TNFKYNYSVIEGGPI,1,1118.061182
867,MAAHKFMVAMFLAVA,0,5793.934818
868,GVWTFDSEEPLQGPF,1,987.343813
869,FVRIQPGQTFSVLAC,1,112.990457
870,EVQKVSQPATGAATV,0,4743.351625
871,LEKISNEIKIVATPD,1,22.95145
872,FGHDGTVWAQSADFP,0,10914.9906763
873,APQLPDDLMIRVIAQ,0,3792.611077
874,GKWYLKAMTADQEVPE,1,192.92903
875,KLLPVPPTVTIFKIS,0,2648.529566
876,KTLNDETKKQVNLMG,0,5262.595221
877,KVEFTGDLVVKALGA,1,203.380977
878,EPGHLAPTGMFVAAA,1,1311.84867846
879,LLAMAVLAALFAGAW,0,5995.056648
880,AQGPKATFEAMYLGT,0,8027.29425
881,NRFSYIPNGALKFVD,1,48.33542
882,GAQLGELYYAIYKAS,1,96.822766
883,RDGQLTIKAERTEQK,1,370.976611
884,LKDLWDYMLNSTGGI,1,104.709289
885,FLTGPLNFTGPCKGD,0,11753.537195
886,NKNFFWAVKPKAVRQ,1,7.177677
887,YNFATCGLIGLVTFL,0,5282.141876
888,RNTLLFLDLIILNFV,0,5600.196546
889,SLLNNQFGTMPSLTM,1,407.108064
890,SCWRGDSNWAQNRMK,0,8015.078684
891,FVVTGRVYCDPCRAG,1,237.478086
892,RVYCDPCRAGFETNV,0,46728.971963
893,VLAKSPDTTCSEIEE,0,21813.9997
894,SFFEEVPNIIHEAIN,1,345.808144
895,RTLILLMLTNPTKRN,1,11.940485
896,EVIPTAFKIGKTYTP,1,551.691169
897,FQKTILKATTALKDV,1,9.775435
898,RLFKAFILDGDNLFP,1,1283.578829
899,QYDVIIQHPADMSWC,1,268.402867
900,EVFCQTIKLDSEEYH,1,355.954274
901,KVFLTQMNARGVKVK,1,117.902987
902,KLAFLVQTEPRMLLM,1,25.838535
903,GPDNPGEPLVLKEGI,0,46728.971963
904,SSWIELDEIGEDVAP,0,46728.971963
905,LLVKYAAGDGNIVAV,0,24396.630531
906,GSRGYRLQRKIEAIF,1,2.910927
907,INSMKTSFSSRLLIN,0,2105.153254
908,AVIRGKKGAGGITIK,1,1172.68959142
909,CIPSLEAAVKQAYAA,1,1135.567306
910,GELELQFRRVKCKYP,1,444.442167
911,SHIMSVLDMGQGILH,0,1667.959859
912,SEPGKYTAYEGQRVVF,0,2798.064694
913,LQFNQMMNPSHVKFL,1,37.77237
914,SQAWQPGVAMPNLYK,0,10453.716199
915,KVTAKGVSEANTCAA,0,5445.602208
916,LSPLTKGILGFVFTL,1,1476.48514
917,DVDLFLTGTPDEYVEQV,0,26203.971591
918,CHDGMGWLTIGISGP,0,11189.730964
919,AVKPAAEEVKVIPAG,0,17228.375872
920,HKGIVIKSKKKGSTP,1,3.975988
921,KALYDLQRSAMVYSS,1,106.908624
922,KLPWKNESSIKVIKQ,1,664.775557
923,SDANTEYERLLSMLN,1,164.725446
924,FSLSAAVKAGASLID,1,5.399966
925,QPCNGVTMNDVKIEY,0,13739.485213
926,MFISDTPGERNPYEN,0,46728.971963
927,SDDQISIMKLPLSTK,1,9.798449
928,YLGFVQDAATYAVTT,1,830.140555
929,GKNERELATLHHLNP,0,1866.652298
930,YASGKVWGQKYFKGN,0,2445.053461
931,DRAVKLYRKLKREIT,1,16.083669
932,GGSILKISNKYHTKG,1,4.258115
933,TIKAERTEQKDFDGR,0,4372.183522
934,PSAEFRRTAPPSLYG,1,105.68766
935,MGQFISFMQEIPTFL,1,12.548054
936,IPAGELQIIDKIDAA,1,513.512537
937,SGLFQLIFFLTLAGR,1,540.144869
938,FFHMNIYECKGVTVK,1,148.443361
939,TDLIKNQCVNFNFNG,0,7646.929528
940,LLWDYMCISLSTAIE,1,122.428357
941,LLNRNNSFKPFAEYK,0,3257.87519
942,DIIEGPVKNVAVPLY,0,6857.908522
943,KVFNTRRNTLLFLDL,1,70.243867
944,EFQVVNPHLLRVLTE,1,875.752896
945,RVNQLIRYSGYRETP,1,8.333539
946,ASEGAVDIINRWQVV,1,107.256102
947,FAPFSKDNSIRLSAG,1,699.781991
948,QKRTLSLLQYARYPI,1,7.338711
949,KLCLMKAQPTSWPLQ,1,121.457817
950,ATERFRWLLIDLLRE,1,167.152665
951,KYNLNRAMMLDDLTM,1,144.363757
952,TLEVHAVKPAAEEVK,1,988.5003
953,VFLGSAYGIPKVPPG,1,895.416876
954,LVWMACHSAAFEDLR,1,1315.984701
955,GSDPKKLVLDIKYTR,1,573.868005
956,SNKFHIRLIKGELSN,1,51.442799
957,MGEAVQNTVEDLKLN,0,13484.501439
958,QCAMRPNHTIKGSFL,1,173.212536
959,EAGKESCFCYFDCSK,0,4705.14092
960,KNLYDHALMSIISTF,1,36.355748
961,KHLAVLVKYEGDTMA,1,46.308291
