0,KISGEWYSIFLASDVK,1,978.895023
1,YYAIHKASPVLAFPA,0,2723.014922
2,GEPKGAAESSSKAAL,0,46728.971963
3,NFRFLTEKGMKNVFD,0,21422.450728
4,LEKISNEIKIVATPD,0,1967.419533
5,ATTEEQKLIEDINAS,0,3177.427555
6,GPLLVLQAGFFLLTR,0,5329.354082
7,IIAGTPEVHAVKPGA,0,3388.911482
8,VGNVAWMHVLAAKYI,0,2099.428955
9,TEAFSTAWQAACKKP,0,46728.971963
10,DITVKNCVLKKSTNG,0,46728.971963
11,VYGIFYATSFLDLYR,1,28.162953
12,KPVSKMRMATPLLMQALP,1,30.136276
13,DVFYNGAYFVSSGKY,0,4779.200918
14,YTTEGGTKTEAEDVI,0,5054.589567
15,HPQDGDALTLRTATN,0,46728.971963
16,LGQQQPFPPQQPYPQ,0,31847.133758
17,KNYEHIAAYHFDLSG,0,1994.574757
18,RTATNIWIDHNSFSN,0,26511.134677
19,KLMNSPEFHLVFGNC,0,1794.945434
20,KYMVIQGEPGAVIRG,1,913.102150246
21,CNANPGLMKDVAKVF,0,30450.669915
22,DAAFKIAATAANAAP,1,1238.482116
23,AGALEVHAVKPVTEE,0,5003.001801
24,SDSWLKDSAIMVASD,1,705.835851
25,PGKYTAYEGQRVVFI,1,1154.627748
26,GVWTFDSEEPLQGPF,1,554.520451
27,DIDLGRNEVVNDVST,0,2412.894508
28,KEIYNYMEPYVSKNP,0,3554.165482
29,ASDVETAEGGEIHELLRLQ,1,88.158544
30,DKISDVSTIVPYIGP,1,415.21342
31,PYGATISATPEWATP,1,149.382155
32,LGNVLINESFGVEPV,1,478.844644
33,KHLAVLVKYEGDTMA,0,3589.890867
34,FDRSTKVIDFHYPNE,0,6729.475101
35,KAIKESTGGAYDTYK,0,46728.971963
36,SEFENDEHIILYLVN,1,598.229241
37,DPWTIYAIGGSSNPT,1,1227.475819
38,YKALPVVLENARILK,0,14662.756598
39,NNLMMIEQYPYVVIM,0,4602.356406
40,KLPWKNESSIKVIKQ,0,24975.024975
41,RKGVLFNIQYVNYWF,0,7496.251874
42,AALAAAAGVPPADKY,1,401.464543
43,MASSSSVLLVVALFA,0,2299.908004
44,EFVKIVQKRGIVKENI,0,8161.932746
45,ASLTEALRVIAGALE,0,3822.045559
46,YFKGNFERLAITKGK,0,9084.302326
47,KMPMYIAGYKTFDGR,0,46728.971963
48,AVKPAAEEVKVIPAG,0,2637.130802
49,AYESYKFIPALEAAV,1,178.283628
50,VGAATGAATAATGGY,0,36818.851252
51,CKYGSLKPNCGNKVV,0,46728.971963
52,KFVDSTVVASVTIID,0,7082.152975
53,APATPAAAGAEAGKA,0,2844.31578928
54,GRSYAADAGYAPATP,0,1576.093809
55,LVKYEGDTMAEVELR,1,428.588572
56,EAKITMLTNGQCQNI,0,5164.222268
57,APTGATTAAAGGYKV,0,46728.971963
58,FLTGPLNFTGPCKGD,0,46728.971963
59,EYLNKIQNSLSTEWS,1,650.144332
60,PFPQPQQPFCQQPQR,0,5451.373746
61,LSSNDLAKYKANWIE,1,1349.090713
62,QGEPGAVIRGKKGAG,0,46728.971963
63,NARILKNCVDAKMTE,0,46728.971963
64,IHKASTVLAFPAGVC,1,1122.032225
65,DVNAGFKAAVAAAAN,0,23651.844844
66,INEPTAAAIAYGLDR,1,214.129094
67,FDISKISGEWYSIFL,0,4061.078622
68,MSMASSSSSSLLAMA,0,13213.530655
69,HYLALLVKYAAGDGN,0,46728.971963
70,GSMAKKGDEQKLRSA,0,46728.971963
71,ITDTTIGTGDDCISI,1,740.12671
72,VDCRPFNGGESKLKA,0,24015.369837
73,IKYTRPGDSLAEVEL,1,1196.859441
74,SPKARSERPAIVPPA,1,1298.094397
75,TDALRTLGSTSADEV,1,320.040965
76,PISVTAPPPQLPRPP,0,3061.099547
77,FLPVFLAQPPSGQRR,0,2144.818119
78,ENALSLLDKIYTSPLC,0,13206.550449
79,FNNFTVSFWLRVPKV,1,1181.306998
80,VLAALFAGAWCVPKV,1,1401.345291
81,AEDVIPEGWKADTSY,1,635.437054
82,SSKVTITDTTIGTGD,0,34199.726402
83,FLAVAVVLGLATSPT,1,855.549091
84,MVVERLGDYLVEQGM,1,1071.40160822
85,VQDAATYAVTTFSNV,0,10794.47323
86,YDSNIMNSINNVMDE,1,230.899956
87,PQLTKNAGVLTCSLS,0,5518.763797
88,ADVQYDLYLNVANRR,1,990.255882
89,LAKYKANWIEIMRIK,1,914.745701
90,LHFSEALHIIAGTPE,1,1209.42383
91,HDYEGLSYRSLQPET,1,986.621414
92,SEIEEFRDRARVPLT,0,5401.901469
93,IFGSLAFLPESFDGD,1,80.062256
94,DDCVAIGTGSSNIVI,0,6870.019236
95,EVQKVSQPATGAATV,0,46728.971963
96,VRSGGHDYEGLSYRS,0,8087.997412
97,WKPDTVYTSKLQFGA,0,33068.783069
98,TFDGRGAQVYIGNGG,0,46728.971963
99,GAVDIINKWQVVAPQ,0,4857.198368
100,CVPKVTFTVEKGSNE,0,27563.39581
101,VIIHGLHLYGCSTSV,0,13455.32831
102,GANYFLQISRVNDLN,1,410.199193
103,ELQVIEKVDAAFKVA,0,1884.23274
104,DKKCIEWEKAQHGAC,0,4927.079227
105,YLTFLPSADEIYDCKV,1,298.642966
106,YLAILVKYVDGDGDV,0,3441.629956
107,SSCEVALSYYPTPLA,0,9071.117562
108,VFNYETETTSVIPAA,0,5845.218611
109,DTLRSYYADWYQQKPG,1,892.283532
110,AHGIPKVPPGPNITA,0,32765.399738
111,VLMEWLKTRPILSPL,1,683.732633
112,AWVDSGAQLGELYYA,1,547.093838
113,LVQDDVIPANWKPDT,0,25380.71066
114,PCRAGFETNVSHNVQ,0,12794.268168
115,SNMLILNPTQSDSGI,0,3604.38293
116,KLRSAGEVEIQFRRV,1,53.730971
117,EEWEPLTKKGNVWEV,0,33377.837116
118,LGQTIRNSRWSSPDN,0,35561.877667
119,EAAFTVSSKRNLADA,0,14236.90205
120,YGRIAECILGMNPSR,1,234.61315
121,PIVKDASIQVVSAIR,0,2339.509639
122,RSQPGLCNMYKDSHHPARTA,0,4722.327163
123,EDVGYPIIIDQKYCP,1,849.588799
124,DQAMEDIKQMEAESI,1,32.866066
125,YAHAAHAAHAAHAAHAA,1,1198.084975
126,IPTAFKIGKTYTPEE,0,21258.503401
127,EYKSDYVYEPFPKEV,1,1089.942015
128,ILELAQSETCSPGGQ,0,12456.402591
129,IRGTSATAAAIQLKC,0,2514.584591
130,TVAAAPQVKYAVFEA,0,4395.990856
131,GKWYLKAMTADQEVPE,1,498.097268
132,DEHIILYLVNFDKDR,0,5042.355789
133,GKGTLDGQGKAVWGK,0,46728.971963
134,EAVSLLCSDKQPCNG,1,498.45479
135,DLGYAPATPAAPGAG,0,32175.032175
136,QVPLVQQQQYLGQQQP,1,306.48147
137,VVLFAVFLGSAYGIP,1,812.110187
138,YFRNEQSIPPLIKKY,0,10245.901639
139,AEEVKVIPAGELQVI,1,764.035329
140,IFSGNMNIKLKMPMY,0,41876.046901
141,FVHLGHRDNIEDDLL,1,1016.880212
142,NYNCKILPNTLVLDF,0,1555.790653
143,SHLIKIPLLIGYGNK,1,1096.827974
144,YTDVFSLDPTFTIETT,1,10.799029
145,SVLLVVALFAVFLGS,1,748.144601
146,AKRMIAISAKVARDI,0,2057.105242
147,AKPDGKTDCTKEVEE,0,46728.971963
148,EGHHLASAAILGHDG,0,13925.219213
149,GLSGEPKGGAESSSK,0,9252.405625
150,VPLYNRFSYIPNGAL,0,8194.034743
151,DCLLCAYSIEFGTNI,1,602.889044
152,NDVSTYASGKVWGQK,0,46728.971963
153,CGSTDEYCSPDHNCQ,0,46728.971963
154,GKARTAWVDSGAQLG,0,14359.563469
155,AEEVEKIEKTEEPAP,0,34626.038781
156,AFKVENGSAAPQLTK,0,13102.725367
157,QLVPKLDEVYNAAYN,1,1478.764936
158,KLPKPPKPVSKMRMATPLL,0,9512.937595
159,CKTLTPLMSSKFPEL,0,4978.096376
160,ALFKAIEAYLLAHPD,1,545.446612
161,MLLRKYGIAAENVID,1,20.248161
162,AAYKLAYKTAEGATP,0,4990.01996
163,EPRAPWIEQEGPEYW,1,131.750223
164,GTKGEAKDVIPEGWK,0,12703.252033
165,NRQILDNAAKYVEHD,0,5928.385108
166,CVDAKMTEEDKENALSL,0,15460.729746
167,PCVFIKRVSNVIIHG,0,8884.150675
168,AINIFNVEKYGAVGD,0,5260.942761
169,QDHQEEICEVVLAKS,0,2773.155851
170,PQQPFPQQPQQPYPQ,0,10438.413361
171,YTGRLSQAQLMPSPP,0,5318.017443
172,SHNVQGATVAVDCRP,1,1299.511384
173,GKKEEKKEEKKESGD,0,30193.236715
174,AASGADGTYDITKLG,0,34626.038781
175,MAVHQYTVALFLAVA,0,46728.971963
176,SRAEVSYVHVNGAKF,0,7739.93808
177,AAGAATTAAGAASGA,0,46728.971963
178,DVLFRLENHAETLRA,1,554.151705
179,VAWQVKLLPVPPTVT,0,3070.875814
180,SGHAFGAMAKKGDEQ,0,23674.242424
181,PDEYVEQVAQYKALP,0,3833.180006
182,YESIDNILVKMFKTN,0,46728.971963
183,PDNVKPIYIVTPTNA,0,10166.734445
184,SVKRSNGSAEVHRGA,0,46728.971963
185,ALRVIAGALEVHAVK,1,998.601957
186,PGHGISVGSLGRYKD,0,13150.973172
187,QNRMKLADCAVGFGS,0,30940.594059
188,ELKESWGAIWRIDTP,1,355.517634
189,AAFTSSSKAATAKAP,0,46728.971963
190,GITIKKTGQALVVGI,0,2131.82192029
191,KVTAKGVSEANTCAA,1,171.326754
192,ASPMLYQLLEAVYGN,1,137.177975
193,KLRSAGELELQFRRV,0,1698.946653
194,WIELKESWGAVWRID,0,3158.958807
195,WSKDIYNYMEPYVSK,1,449.373573
196,ESWGAVWRIDTPDKL,1,720.129047
197,APEVEYTVFETALKK,1,308.067676
198,EISTNIRQAGVQYSR,1,509.216825
199,RTFVATFGAASNKAF,0,3476.084538
200,NFRFMSKGGMRNVFD,0,21815.008726
201,TTSVIPAARLFKAFI,0,7456.009544
202,APGDSPNTDGIHIGD,0,30562.347188
203,DKGPGFVVTGRVYCD,0,4649.432769
204,SSPDNVKPLYIITPT,0,1961.55355
205,GILQAYDLRDAPETP,0,2070.736354
206,SLLVAPMPTASTAQI,0,5104.124132
207,ATPEAKYDAYVATLS,0,6495.193557
208,YVYEPFPKEVWEQIF,1,16.007971
209,ANGYFSGHVIPACKN,0,32552.083333
210,PRGVTHDQLNNFRAG,0,7550.588946
211,SCFEIKCTKPEACSG,0,9723.842863
212,DGYFLKIKVTAASPM,1,303.423835
213,VDIKPKDSDEFIPMK,0,22361.359571
214,FMVAMFLAVAVVLGL,0,2995.805872
215,VPGNKKFVVNNLFFN,0,45207.9566
216,PLSWSKEIYNYMEPY,1,111.558834
217,PQHMLMRVAVGIHQW,0,10351.966874
218,PDTTCSEIEEFRDRA,1,737.115226
219,MSWQTYVDEHLMCEI,1,154.391386369
220,SKLKAEATTDGLGWY,0,1998.241547
221,DVKFPGGGQIVGGVY,0,6591.088848
222,AAATAGTTVYGAFAA,1,106.20266
223,IGTGDDCISIGPGST,0,21815.008726
224,IFKISKTVSEGAVDI,0,9342.301943
225,VPRRGPRGGPGRSYA,0,6214.267959
226,SKEHDGECKETVPMN,0,22665.457842
227,VLAKSPDTTCSEIEE,0,3124.218945
228,DESIFINKLNGAMVE,0,9031.791908
229,EKIQKAFDDIAKYFSK,0,1890.645088
230,APEDKYEAFVLHFSE,1,180.459812
231,AAFNNAIKAGTGGAY,0,11205.737338
232,QSCRRPNAQRFGISN,0,46728.971963
233,LTGYSLFQKEKMVLN,1,717.421873
234,STVVASVTIIDRSLP,1,304.051178
235,CSGEPVVVHITDDNE,1,424.217742
236,SNPKFENIAEGLRAL,1,47.678169
237,NKICTSKGDSARVTV,0,46728.971963
238,ASTGGAYESYKFIPA,0,3766.762091
239,QKYVNNTATLLMTSL,0,3762.793498
240,ATTANVPPADKYKTF,0,6222.000996
241,VFLGSAYGIPKVPPG,0,5338.458253
242,VKDLKKIITRISAVS,1,953.43427
243,AKAIITPVVFYRSGT,1,557.05341
244,EEVDMTPADALDDFD,1,38.278039
245,SLSELTDALRTLGST,0,29726.516052
246,SWIQSIPFVHLGHRD,0,13027.618551
247,ATATATSAVGAPTGA,0,8665.511265
248,LQIIDKIDAAFKVAA,0,1870.31608577
249,THIFAEVLKDAIKDL,1,296.49308
250,LLDILDTAGLEEYSAMRD,1,91.338214
251,FFHMNIYECKGVTVK,0,8716.875872
252,TPAAPAGAEPAGKAT,0,9912.767645
253,RVIAQGPTATFEAMY,1,10.614634
254,FEAMYLGTCQTLTPM,1,670.834787
255,AAPEAARSLASSLPG,0,6151.574803
256,YDTYKCIPSLEAAVK,0,7038.4891248
257,RFDTNGDGKISLSEL,0,12671.059301
258,SGFLGPLLVLQAGFF,1,84.316748
259,NKELRLMYVNCVKKN,1,1021.325272
260,KNVLKVGRLSAEELM,1,15.6869675604
261,MADDMERIFKRFDTN,0,21186.440678
262,GEVEIQFRRVKCKYP,0,18234.865062
263,PRGGPGRSYAADAGY,1,558.821557
264,ANGKLHDKKSMGDDH,0,46728.971963
265,VALFAVFLGSAHGIP,0,1564.259792
266,SDYVYQPFPKTVWEQ,0,46728.971963
267,YPFIEQEGPEFFDQE,1,10.84979
268,ASAAIFGHDGTVWAQ,0,7836.46541536
269,RNITGTSSTPEAVSL,0,2605.252188
270,AGSYAADLGYGPATP,1,1148.316568
271,GSDPKKLVLDIKYTR,0,40584.415584
272,ASNPNYLAILVKYVD,1,553.697593
273,PVVHFFKNIVTPRTPPY,1,460.108586
274,VKGDPVGILYAVFKA,0,2032.520325
275,VIPEGWKADTAYESK,0,2174.66945
276,FKKWCGMLSTKSIDL,1,1331.203408
277,GEPLSYTRFSLARQV,0,3587.315253
278,LVKFVAGDGDVVAVD,1,530.020353
279,KSIIKARVVWKAIIE,0,10377.750104
280,ENVLISPVSILSTLS,0,2265.724125
281,EPTAAPAEPEAPAPE,1,1265.566468
282,DIIEGPVKNVAVPLY,0,3404.139434
283,EQCGRQAGGKLCPNN,0,46728.971963
284,MGEAVQNTVEDLKLN,0,5973.715651
285,FGHDGTVWAQSADFP,1,56.4525677587
286,SQDLELSWNLNGLQAY,1,281.56641
287,PPLYATGRLSQAQLMPSPPM,1,648.323436
288,FKSGRGCGSCFEIKC,0,28473.8041
289,GATVAVDCRPFNGGE,1,964.803952
290,SSGKNEGTNIYNNNE,0,46728.971963
291,AAPAAGYTPATPAAP,0,19069.412662
292,RDCLIAHGAANTITE,0,1548.467018
293,FDSFVASLTEALRVI,1,92.267606
294,RQLIKTDISMSMPKF,0,7004.763239
295,KNTIVIPKGDFLTGP,0,25536.261491
296,GGGFGMLLRKYGIAA,0,36179.450072
297,GQKYFKGNFQRLAIT,0,5146.150679
298,CIEYVTLNASQYANC,1,480.132132
299,AVVCGRRHGVRIRVR,0,32765.399738
300,VVAPQLPADLMIRII,0,4682.524817
301,EPIAAYHFDLSGIAF,1,939.425823
302,WITQCFLPVFLAQPP,1,727.357365
303,ATISATPESATPFPH,1,142.178747
304,LQPETFAVVDLNKMR,1,1288.327751
305,QLVMKANNSVIMNGA,0,11322.463768
306,DLQMVIAGAKSKFPR,0,3545.09359
307,KFIPALEAAVKQAYA,0,4924.167816
308,PTLAFPAGVCPTIGV,0,9811.616954
309,MAAHKFMVAMFLAVA,1,770.368544
310,EAGKESCFCYFDCSK,1,1474.926254
311,ALKESWGAIWRIDTP,0,4188.306249
312,WPQQQPFPQPQQPFC,1,701.675601
313,TPESATPFPHRKGVL,0,46728.971963
314,DREVVANVIGLSGDS,1,1104.435413
315,NRFSYIPNGALKFVD,1,497.096954
316,EVVNDVSTFSSGLVW,0,1511.395925
317,CDGERPTLAFLQDVM,1,161.593702
318,MSSKFPELGMNASHC,0,46728.971963
319,EVIPTAFSIGKTYKP,0,23474.178404
320,KGSNPNYLALLVKFV,0,5329.354082
321,NGILKKLSSIKSKSR,0,17568.517217
322,TQCMNIMESIPANTI,1,1244.524094
323,GDTMAEVELREHGSD,0,3563.791875
324,PIIIDQKYCPNKICT,0,6580.679126
325,TPEKEEPTAAPAEPE,1,607.533414
326,PCKGDSVTIKLDGNL,0,13068.478829
327,IDVWLGGLAENFLPY,1,2.971633
328,ARVTVKDVTFRNITG,0,13888.888889
329,VWRIDTPDKLTGPFT,1,1144.16476
330,AAATATATAAVGAAT,0,13269.639066
331,VTMNDVKIEYSGTNN,0,3812.719231
332,DRPFQLFEFYAREPDV,0,3943.839722
333,FVNQHLCGSHLVEAL,1,1042.318115
334,LASSCQVAFSYFPPP,1,1177.135323
335,EFIPMKSSWGAIWRI,0,6279.829189
336,VDGIIAAYQNPASWK,0,2706.213466
337,DDYTEYKLTESIDNI,1,152.667094
338,KALYDLQRSAMVYSS,0,5178.127589
339,GAIWRIDPKKPLKGP,0,17349.063151
340,YRSLQPEEFAVVDLS,1,531.541683
341,VPEKYTIGATYAPEE,0,1595.507052
342,NLADAVSKAPQLVPK,0,16778.52349
343,IEENGSMRVFVDVIR,0,2033.84315
344,MKDFDEPGHLAPTGM,0,8618.38830953
345,APYHFDLSGHAFGAM,0,18315.018315
346,EKKDFAATQFEPLAA,1,1011.858987
347,ASKNFHLQKNTIGTG,0,38580.246914
348,KSSKPLVGPFNFRFM,0,27173.913043
349,SVAYKAAVGATPEAK,0,2914.772065
350,MASSSSVLLVVVLFA,1,691.639462
351,SVLLVVVLFAVFLGS,0,3544.590954
352,AADHAAPEDKYEAFV,0,3191.625176
353,NNKYAASSYLSLTPE,1,66.108534
354,LSADQISTVQASFDKVK,0,3889.839739
355,GAGAAPLSWSKEIYN,0,21312.872975
356,ATAANAAPANDKFTV,0,9441.087613
357,RGYFKMRTGKSSIMRS,0,4562.876437
358,FLAVALVAGPAGSYA,0,1765.287389
359,AVWGKNSCAKNYNCK,0,46728.971963
360,YQSYGPSGQYTHEFD,1,270.214767
361,LPVPPTVTVFKIPKK,0,46728.971963
362,TATYGGKWLDAKSTW,0,46728.971963
363,DSEEPLQGPFNFRFL,0,4546.281142
364,PADKYKTLEAAFTVS,0,1804.66325
365,CTNAKVTAKGVSEAN,0,4774.637128
366,YVQIVRQIRSGERFL,0,2145.922747
367,LLAMAVLAALFAGAW,1,475.023276
368,AAVGATPEAKFDSFV,1,277.743831
369,KIEIDQDHQEEICEV,1,87.903124
370,KFWGKYLYEIARRHP,1,351.216097
371,LEAKATFYGSNPRGA,0,46728.971963
372,LVDANGTLHDKKSMG,0,46728.971963
373,KSIIIPFIAYFVLMH,1,857.662355
374,SNNGIKQQGIRYANP,0,6587.615283
375,PTPLAKEDFLRCLVK,0,13312.034079
376,EITGIMKDFDEPGHL,1,876.28075245
377,SKLTYENVKMEDVGY,1,432.01023
378,KSTNGLRIKSYEDAK,0,46728.971963
379,RGIVKENIIDLTKIDR,0,8223.684211
380,SDDELPYIDPNMEPV,0,1726.741048
381,TIPQSLDSWWTSLNF,0,1644.30413
382,ALTKAITAMSEVQKV,0,1535.720867
383,APQLPDDLMIRVIAQ,0,7413.997628
384,TKPEACSGEPVVVHI,0,14442.518775
385,AYSIEFGTNISKEHD,0,8954.154728
386,YHFDLSGIAFGSMAK,0,46728.971963
387,GGSILKISNKYHTKG,0,20391.517129
388,FFLLTRILTIPQSLD,1,207.06163
389,GAEVHIGNGGPCLFM,0,25987.525988
390,NAGFKAALAAAAGVP,0,1974.879532
391,YCDMMSLNLTIVSVS,0,11155.734047
392,DHTNFKYNYSVIEGG,0,2756.947508
393,DEPTLLYVLFEVFDV,0,16339.869281
394,KAAVAAAASVPAADK,1,838.616618
395,TEEQKLIEKINAGFK,0,26288.117771
396,NDFLKTGHYTQMVWA,0,7403.020432
397,EHGSDEWVAMTKGEG,0,16307.89302
398,LVAGPAGSYAADLGY,1,89.880854
399,FSNVYLFAKDKSGPL,0,33692.722372
400,LLNRNNSFKPFAEYK,0,46728.971963
401,AWASACGGTGKNTIV,0,46728.971963
402,STWYGKPTGAGPKDN,0,46728.971963
403,ARRRRASEAPPTSHR,0,46728.971963
404,LCSDKQPCNGVTMND,0,13751.375138
405,MIRIIAQGPKATFEA,0,1958.173416
406,DKVYEILKINSVKYY,1,879.352796
407,RMMEYGTTMVSYQPL,1,386.207749
408,INKWQVVAPQLPADL,1,109.657299
409,TEAPAAPAEGEKPAE,0,17618.040874
410,GVLACAIATHAKIRD,1,829.049909
411,NSLLFIPDIKLAIDN,0,4099.032628
412,YAGIRRDGLLLRLVD,1,106.602535
413,GLNITGVTCGPGHGI,0,4111.842105
414,SADEVQRMMAEIDTD,1,218.831788
415,RNVFDEVIPTAFKIG,0,4999.0002
416,TVWEQILNTWLVKPG,0,2292.526364
417,CGRRHSVRIRVRSGG,0,21872.265967
418,FAEYKSDYVYQPFPK,1,308.581021
419,AVQVTFTVQKGSDPK,0,11731.581417
420,PGMAKIPAGELQIID,0,1944.46605
421,AKSSPAYPSVLGQTI,0,2016.454267
422,PTIGVGGNFAGGGFG,0,9701.202949
423,AYSDDKSMKVTVAFN,0,22686.025408
424,GWDLNAASAYCSTWD,0,2507.019655
425,FEAAFNDAIKASTGG,0,28868.360277
426,KQAYAATVATAPEVK,0,3984.698757
427,GMNPSHCNEMSWIQS,0,39062.5
428,HPDYAILAARIAVSN,1,956.97443
429,YSINNVMDEIDFFEK,1,7.3576127922
430,ILPNTLVLDFCDDAL,1,124.782878
431,HGSEPCIIHRGKPFQLEAV,1,1426.696342
432,RLFKAFILDGDNLFP,1,169.940861
433,LGTCQTLTPMMSSKF,0,15470.29703
434,KQQGIRYANPIAFFR,1,164.357985
435,VPQLQPQNPSQQQPQ,0,15576.323988
436,PANDKFTVFEAAFNN,1,1192.122455
437,LFFNHHKVMLLGHDD,0,20275.750203
438,LNEDLRSWTAADTAY,0,3185.528344
439,GGFMTTAFQYIIDNKG,1,830.785591
440,HGRQIRMAKLLGRDP,0,46728.971963
441,CKDIKLSDISLKLTS,0,36603.221083
442,YVDEHLMCEIEGHHL,0,6162.53870728
443,VNYWFAPGAAAAPLS,1,272.943643
444,KTGQALVVGIYDEPM,1,33.8758945535
445,PASWKNNRIWLQFAK,0,22084.805654
446,DSVTPMILKAQKGGNL,0,22143.489814
447,ENVIDVKLVDANGKL,1,1480.867196
448,GELQIVDKIDAAFKI,0,3922.183872
449,FDKYGATISATPESA,1,1111.160496
450,SGTNNKTMAVCTNAK,0,32520.412829
451,VIDVKLVDANGTLHD,1,683.938391
452,ASEGAVDIINRWQVV,0,5016.051364
453,KNVFDDVVPEKYTIG,0,7735.148515
454,SCWRGDSNWAQNRMK,0,46728.971963
455,ITKGKVDPTDYFRNE,0,46728.971963
456,GVTVKDVTITAPGDS,0,18782.870023
457,EGGNIYTKKEAFNVE,0,46728.971963
458,DKLTGPFTVRYTTEG,0,6292.474201
459,KKTLRLPKMLETEIV,1,1472.840815
460,LGASPYKLGPSPKAR,0,28506.27138
461,YTVFETALKKAITAM,0,6259.389084
462,DVKFPGGGQIVGGVYLLPRR,1,150.575197
463,CISMIGLCACVVDVW,1,262.486482
464,ATPPPPPPPQLGASP,0,5701.254276
465,DINASFRAAMATTAN,1,1436.203826
466,AIKFDFSTGLIIQGL,0,4829.051574
467,EDDLLNRNNTFKPFA,0,46728.971963
468,YRQIRSGERFLKIWS,1,319.321506
469,GLVPKLDAAYSVAYK,0,6295.643415
470,DIIFDIYFAILMMSC,0,2326.663564
