0,NRQILDNAAKYVEHD,0,2456.197806
1,FSTGLIIQGLKLMNS,0,6137.479542
2,EKIEENGSMRVFVDVI,0,2067.254686
3,GELELQFRRVKCKYP,0,2466.699556
4,EALIHQLKINPYVLS,0,7915.597594
5,IDLTKIDRCFQLRGNGV,0,26132.404181
6,GKWYLKAMTADQEVPE,0,6041.07934
7,DREVVANVIGLSGDS,1,660.822063
8,EGGAHLVQDDVIPAN,0,46728.971963
9,KYMVIQGEPGAVIRG,1,476.203447625
10,VIPEGWKADTAYESK,0,46728.971963
11,FKSGRGCGSCFEIKC,0,26269.702277
12,DDCVAIGTGSSNIVI,0,15136.226034
13,SCFEIKCTKPEACSG,0,4534.461911
14,GKSYDALATFTVNIF,1,28.225359
15,ALEDDLLNRNNSFKP,1,540.345821
16,YKALPVVLENARILK,0,4243.281471
17,VDIKPKDSDEFIPMK,0,30241.935484
18,IYKASPTLAFPAGVC,1,498.802873
19,SKLTYENVKMEDVGY,1,315.218762
20,NASHCNEMSWIQSIP,1,34.019854
21,PTPLAKEDFLRCLVK,1,24.69526
22,ENVKMEDVGYPIIID,0,46728.971963
23,ALHIIAGTPEVHAVK,0,3229.278794
24,DEPMVQVEAGKVNHS,0,15974.440895
25,VNYWFAPGAAAAPLS,0,1693.384511
26,AYPSVLGQTIRNSRW,0,10504.201681
27,FSNVYLFAKDKSGPL,1,611.720566
28,GLVPKLDAAYSVAYK,0,3435.639029
29,GEPLSYTRFSLARQV,1,7.880183
30,SSCEVALSYYPTPLA,1,154.60411
31,TVWEQILNTWLVKPG,1,535.656894
32,PRGVTHDQLNNFRAG,0,46728.971963
33,RVYCDPCRAGFETNV,0,46728.971963
34,KNVFDDVVPEKYTIG,0,4531.722054
35,KLIEDINVGFKAAVA,0,4648.280136
36,PPTVTIFKISKTVSE,0,4552.352049
37,KSSKPLVGPFNFRFM,0,2048.900423
38,VFLGSAHGIPKVPPG,0,14285.714286
39,GLNITGVTCGPGHGI,0,46728.971963
40,SNKAFAEGLSGEPKG,0,16393.442623
41,KLRSAGELELQFRRV,1,871.434381
42,IAFFRKEPLKECGGI,1,490.918017
43,KSTNGLRIKSYEDAK,0,46728.971963
44,PTIGVGGNFAGGGFG,0,5145.797599
45,DINASFRAAMATTAN,0,25817.555938
46,DHTNFKYNYSVIEGG,0,6732.495512
47,KFPELGMNPSHCNEM,1,174.635884
48,FDSFVASLTEALRVI,1,21.473451
49,TWQGGSGMASHIIYE,0,8038.585209
50,ILELAQSETCSPGGQ,0,46728.971963
51,APEDKYEAFVLHFSE,0,3481.89415
52,AYSDDKSMKVTVAFN,0,10653.409091
53,EVIPTAFKIGKTYTP,0,5931.198102
54,DPVKLVKMWEDEVKD,0,10121.45749
55,YASDVETAEGGEIHE,0,11406.844106
56,YKTRPILSPLTKGIL,0,22421.524664
57,AAPLSWSKDIYNYME,0,10845.986985
58,KGNFQRLAITKGKVD,0,19181.585678
59,PVVHFFKNIVTPRTPPY,1,841.042893
60,NSLLTSPLSINTRMT,1,169.174204
61,LGASPYKLGPSPKAR,0,46728.971963
62,ALFKAIEAYLLAHPD,1,40.509775
63,ASKNFHLQKNTIGTG,0,28142.589118
64,AAKEDFLGCLVKEIP,1,69.538773
65,AAYKLAYKTAEGATP,0,3457.017746
66,MSWQTYVDEHLMCEI,1,901.705631934
67,SCWRGDSNWAQNRMK,0,15045.135406
68,DAAFKIAATAANAAP,0,46728.971963
69,AFKVENGSAAPQLTK,0,10940.919037
70,NLADAVSKAPQLVPK,0,29469.548134
71,FAVVDLNKMRAVWVD,0,1634.699215
72,WKPDTVYTSKLQFGA,0,22123.893805
73,ESYKFIPALEAAVKQ,0,6660.746004
74,TKPEACSGEPVVVHI,0,10395.010395
75,ATTEEQKLIEDINAS,0,44642.857143
76,MAVHQYTVALFLAVA,1,2.043404
77,KLPWKNESSIKVIKQ,0,3479.47112
78,DTLRSYYADWYQQKPG,1,91.151056
79,GEPKGAAESSSKAAL,0,46728.971963
80,PCLFMRTVSHVILHG,0,7625.826131
81,ATSPTAEGGKATTEE,0,46728.971963
82,EHGSDEWVAMTKGEG,0,46728.971963
83,PYGATISATPEWATP,0,6669.630947
84,KSIIKARVVWKAIIE,1,42.45239
85,YSINNVMDEIDFFEK,0,6117.455139
86,PEEFAVVDLSKMRAV,1,782.921864
87,YEGQRVVFIQPSPVRD,0,15000.0
88,GANYFLQISRVNDLN,1,62.821436
89,TEAPAAPAEGEKPAE,0,46728.971963
90,KFTVFEAAFNKAIKE,1,1343.123209
91,DIIFDIYFAILMMSC,0,2843.333931
92,QIRMAKLLGRDPEQS,0,4118.616145
93,CVDAKMTEEDKENALSL,0,22522.522523
94,ENALSLLDKIYTSPLC,0,6970.260223
95,PGHGISVGSLGRYKD,0,46728.971963
96,KGKDKWIELKESWGA,0,46728.971963
97,IVPPADKYRTFVATF,0,5016.722408
98,DVNAGFKAAVAAAAN,0,46728.971963
99,ITDTTIGTGDDCISI,0,46728.971963
100,GTKGEAKDVIPEGWK,0,16286.644951
101,KTMAVCTNAKVTAKG,0,46728.971963
102,SEFENDEHIILYLVN,1,563.168763
103,ATPEAKYDAYVATLS,0,29761.904762
104,LISRVLDGLVMTTIS,0,14866.204163
105,LGQTIRNSRWSSPDN,1,837.895207
106,MYLGTCKTLTPLMSS,0,1639.881929
107,GAGAAPLSWSKEIYN,0,13901.76089
108,NFRFLTEKGMKNVFD,0,1809.408926
109,AVKPAAEEVKVIPAG,0,46728.971963
110,IKEKGKDKWIALKES,0,40000.0
111,AAFNNAIKAGTGGAY,0,43731.778426
112,YVLQAGFFLLTRILT,1,6.704905
113,DFNEFISFCNANPGL,0,3579.098067
114,GAIWRIDPKKPLKGP,0,46728.971963
115,RGIVKENIIDLTKIDR,0,5116.665369
116,LLFCALASSCQVAFS,0,3306.878307
117,YFSWLSLLVPFVQWF,1,224.975253
118,YHFDLSGIAFGSMAK,1,1210.751473
119,YCDMMSLNLTIVSVS,0,21216.407355
120,AAASVPAADKFKTFE,0,21398.002853
121,PQLTKNAGVLTCSLS,0,33259.423503
122,ITAMSEVQKVSQPAT,0,7447.864945
123,GDGFIDFNEFISFCN,1,132.752761
124,VPLYNRFSYIPNGAL,1,404.051288
125,PCKGDSVTIKLDGNL,0,46728.971963
126,VDGIIAAYQNPASWK,0,1769.911504
127,GRSYAADAGYAPATP,0,46728.971963
128,DVLFRLENHAETLRA,0,1703.384056
129,TVWAQSADFPQFKPE,1,436.172173427
130,AAGDGNIVAVDIKPK,0,46728.971963
131,EGHHLASAAIFGHDG,0,26621.743403
132,AITAMSEAQKAAKPA,0,46728.971963
133,ATATATSAVGAPTGA,0,46728.971963
134,AKRMIAISAKVARDI,1,986.97197
135,AAPAAGYTPATPAAP,0,23474.178404
136,DDGRNIAWDNDKLES,0,7915.567282
137,ILSEGNSFTAPNESY,0,20804.43828
138,CISMIGLCACVVDVW,0,37128.712871
139,APATPAAAGAEAGKA,0,6862.11810099
140,DKLTGPFTVRYTTEG,0,23734.177215
141,RLFKAFILDGDNLFP,0,3960.918933
142,FGHDGTVWAQSADFP,0,10982.2229674
143,CIEYVTLNASQYANC,1,66.560761
144,DITVKNCVLKKSTNG,0,46728.971963
145,DEHIILYLVNFDKDR,0,2149.61307
146,DCISIGPGSTGLNIT,0,21582.733813
147,KNTIVIPKGDFLTGP,0,13673.655424
148,LGTCQTLTPMMSSKF,1,556.503673
149,NARILKNCVDAKMTE,0,36057.692308
150,FVHLGHRDNIEDDLL,1,1226.692836
151,PADKYKTLEAAFTVS,0,12145.748988
152,VVAPQLPADLMIRII,1,1368.113827
153,CGRRHSVRIRVRSGG,0,28680.688337
154,MASSSSVLLVVVLFA,0,8099.352052
155,KIEIDQDHQEEICEV,1,567.945174
156,YTVFETALKKAITAM,0,7919.746568
157,GRYKDEKDVTDITVK,0,46728.971963
158,RIIAGTLEVHAVKPA,1,730.495763
159,KTLEAAFTVSSKRNL,1,107.226341
160,FRDRARVPLTSNNGI,0,46728.971963
161,AAGAATTAAGAASGA,0,46728.971963
162,NSFKPFAEYKSDYVY,1,254.207128
163,EGGNIYTKKEAFNVE,0,34090.909091
164,DESIFINKLNGAMVE,1,1318.101933
165,FLTGPLNFTGPCKGD,0,46728.971963
166,CGYKDVDKPPFDGMT,0,24311.183144
167,GGESFGIVVAWKVRL,1,1173.617088
168,KDILEDERAAVDTYC,0,34802.784223
169,SQWGWCGSTDEYCSP,0,46728.971963
170,KSIIIPFIAYFVLMH,1,13.031353
171,SVAYKAAVGATPEAK,0,5239.259518
172,FNGGESKLKAEATTD,0,46728.971963
173,KGSNPNYLALLVKFV,0,1921.352632
174,LVLDFCDDALIEGIT,0,4029.008864
175,EEWEPLTKKGNVWEV,0,46728.971963
176,PDNVKPIYIVTPTNA,0,15657.620042
177,AKEVKYTVFETALKK,1,1.0
178,LLAMAVLAALFAGAW,0,1879.463726
179,YDTYKCIPSLEAAVK,0,5558.12935962
180,AAPANDKFTVFEAAF,1,41.452037
181,SRAEVSYVHVNGAKF,1,949.487277
182,EKVDAAFKVAATAAN,0,3393.665158
183,LGHRDALEDDLLNRN,0,10460.251046
184,TDDNEEPIAAYHFDL,0,18495.68434
185,QPCNGVTMNDVKIEY,0,14005.602241
186,LSADQISTVQASFDKVK,0,5576.208178
187,IGRIAECILGYNPSR,1,492.821237
188,GATVAVDCRPFNGGE,0,7414.730598
189,DKVYEILKINSVKYY,1,93.899065
190,STWYGKPTGAGPKDN,0,46728.971963
191,AQGPKATFEAMYLGT,1,165.221893
192,VALFAVFLGSAHGIP,1,892.432175
193,YSGFLGPLLVLQAGF,1,406.118857
194,LLNRNNSFKPFAEYK,1,1011.804384
195,YAGIRRDGLLLRLVD,0,2790.178571
196,ASLTEALRVIAGALE,0,8228.195283
197,DKKCIEWEKAQHGAC,0,14111.006585
198,ATVATAPEVKYTVFE,1,470.765465
199,MANSRAFALVLLFCA,0,5615.874204
200,KIPKKASEGAVDIIN,1,1000.667111
201,AKNMKNLVWNDELAY,1,603.767509
202,EVQKVSQPATGAATV,1,678.54881
203,DKISDVSTIVPYIGP,0,5653.97663
204,CKYGSLKPNCGNKVV,0,46728.971963
205,VPEKYTIGATYAPEE,0,3088.326127
206,ADEKKFWGKYLYEIA,1,169.564333
207,IDVWLGGLAENFLPY,1,184.993237
208,TFTVEKGSNEKHLAV,0,10668.5633
209,YLLMWITQCFLPVFL,1,24.765185
210,VKLVDANGKLHDKKS,0,46728.971963
211,IKGTAPFETHANRIV,0,46728.971963
212,QNRMKLADCAVGFGS,0,3112.033195
213,LASSCQVAFSYFPPP,1,35.675213
214,YHFDLSGHAFGAMAK,1,636.186275
215,GGSILKISNKYHTKG,0,46728.971963
216,AEEVKVIPAGELQVI,1,942.566294
217,GDTMAEVELREHGSD,0,2315.172094
218,VKITDKNYEHIAAYH,0,12437.810945
219,AAFTSSSKAATAKAP,0,17381.228273
220,VLAALFAGAWCVPKV,1,734.78985
221,AAPEAARSLASSLPG,0,46728.971963
222,PEVKYAVFEAALTKA,1,111.042018
223,DSVTPMILKAQKGGNL,0,43731.778426
224,VIIHGLHLYGCSTSV,0,17985.611511
225,LVVGIYDEPMTPGQC,0,28126.9008273
226,DSEEPLQGPFNFRFL,0,3850.102669
227,AWVDSGAQLGELYYA,0,4449.718185
228,EQCGRQAGGKLCPNN,0,46728.971963
229,CDDALIEGITLLNAK,1,641.903458
230,VKIEYSGTNNKTMAV,0,34168.56492
231,SGHAFGAMAKKGDEQ,0,7278.020378
232,GELQIVDKIDAAFKI,0,4602.638846
233,AKPDGKTDCTKEVEE,0,46728.971963
234,PTLAFPAGVCPTIGV,0,8517.887564
235,LQSLVSQYFQTVADY,1,4.857368
236,VSTFSSGLVWGQKYF,1,482.082597
237,PDTTCSEIEEFRDRA,0,30991.735537
238,QVPLVQQQQYLGQQQP,1,702.378723
239,CGSTDEYCSPDHNCQ,1,899.442346
240,IQLKCSDSMPCKDIK,0,28040.518287
241,DDLMIRVIAQGPTAT,0,46728.971963
242,NPRQAYANYRDIDLG,0,14492.753623
243,APGDSPNTDGIHIGD,0,46728.971963
244,QGEPGAVIRGKKGAG,0,22465.765791
245,GAEVHIGNGGPCLFM,0,32967.032967
246,EVFFQRLGIASGRARY,0,22488.755622
247,NDFLKTGHYTQMVWA,0,7267.44186
248,RQLIKTDISMSMPKF,0,2708.070049
249,TSKLDAAYKLAYKTA,1,964.258164
250,MGEAVQNTVEDLKLN,0,33557.04698
251,ASEGAVDIINRWQVV,1,126.809144
252,GVTVKDVTITAPGDS,0,34246.575342
253,VQDAATYAVTTFSNV,1,20.890812
254,FFHMNIYECKGVTVK,1,1365.995811
255,KEDFLRCLVKEIPPR,0,2856.054836
256,STWLLKPGAGIMIFD,1,1303.214596
257,PGMAKIPAGELQIID,0,46728.971963
258,APYHFDLSGHAFGAM,0,1765.952437
259,APTGATTAAAGGYKV,0,46728.971963
260,SVKRSNGSAEVHRGA,0,6678.539626
261,KPTAAGPKDNGGACG,0,46728.971963
262,QKLIEDVNASFRAAM,1,1420.320045
263,PIVKDASIQVVSAIR,0,18726.59176
264,STGGAYDTYKCIPSL,1,768.442623
265,LQFAKLTGFTLMGKG,1,1135.761339
266,EEKYFAATQFEPLAA,1,1.0
267,EYKSDYVYEPFPKEV,1,28.299217
268,VATLSEALRIIAGTL,0,11876.484561
269,EPGHLAPTGMFVAAA,0,15288.8200866
270,AYGIPKVPPGPNITA,0,46728.971963
271,GAYFVSSGKYEGGNI,0,4346.566213
272,ASTGGAYESYKFIPA,1,494.706639
273,MAAHKFMVAMFLAVA,1,2.4048
274,EPFPKRVWEQIFSTW,1,42.223786
275,AVWVDGKARTAWVDS,0,29702.970297
276,ILNTWLVKPGAGIMI,1,1111.275745
277,YPFIEQEGPEFFDQE,0,46728.971963
278,MSSKFPELGMNASHC,0,3777.386049
279,LDEVYNAAYNAADHA,0,46728.971963
280,KLMNSPEFHLVFGNC,1,959.14061
281,EGTKVTFHVEKGSNP,0,6827.492035
282,NYLALLVKYVNGDGD,0,39164.490862
283,IFSGNMNIKLKMPMY,0,2683.843264
284,AKAIITPVVFYRSGT,1,141.57087
285,RYANPIAFFRKEPLK,0,2097.902098
286,YEGLSYRSLQPEEFA,1,1095.930445
287,TPAAPAGAEPAGKAT,0,46728.971963
288,LHFSEALHIIAGTPE,1,662.222418
289,GIVVAWKVRLLPVPP,1,10.939954
290,RCLVKEIPPRLLYAK,1,852.999716
291,RELWWVFYAGDRALE,1,4.816227
292,YYAIHKASPVLAFPA,1,23.734928
293,KEIYNYMEPYVSKNP,1,310.494722
294,FDISKISGEWYSIFL,1,150.561595
295,GGFMTTAFQYIIDNKG,1,1.703654
296,SPKARSERPAIVPPA,0,2393.871688
297,NNLMMIEQYPYVVIM,1,301.62273
298,GAMAKKGQEDKLRKA,0,26785.714286
299,VKPLYIITPTNVSHI,1,1346.257404
300,GMNPSHCNEMSWIQS,0,5731.753917
301,DIIEGPVKNVAVPLY,0,46728.971963
302,KWHKHYLVCNYGPSG,0,11013.215859
303,WEQIFSTWLLKPGAG,1,27.063404
304,TTSVIPAARLFKAFI,1,808.015514
305,VDIINRWQVVAPQLP,1,1393.534002
306,RNSRWSSPDNVKPLY,0,46728.971963
307,YEAFVLHFSEALRII,1,53.984021
308,VIPAGELQVIEKVDA,0,42492.917847
309,GVWTFDSEEPLQGPF,1,323.227099
310,TPFPHRKGVLFNIQY,1,61.175799
311,IEGITLLNAKFFHMN,0,3041.979315
312,RDCLIAHGAANTITE,0,10402.21914
313,TQCMNIMESIPANTI,1,1461.13384
314,EAGKESCFCYFDCSK,0,3453.833755
315,HGRQIRMAKLLGRDP,1,643.749195
316,EKIQKAFDDIAKYFSK,1,71.583755
317,YVDEHLMCEIEGHHL,0,21932.496812
318,KLLPVPPTVTIFKIS,1,591.715976
319,ANGYFSGHVIPACKN,0,8710.801394
320,KEPLKECGGILQAYD,0,9596.928983
321,NGILKKLSSIKSKSR,0,18181.818182
322,TFGAASNKAFAEGLS,1,567.988186
323,ITKGKVDPTDYFRNE,0,27675.276753
324,IRGTSATAAAIQLKC,0,34403.669725
325,IQYVNYWFAPGAGAA,1,395.747038
326,YLPVFLAQPPSGQRR,1,213.751336
327,YDSNIMNSINNVMDE,0,25996.533795
328,NKELRLMYVNCVKKN,1,333.741239
329,AALAAAAGVPPADKY,0,46728.971963
330,GKIASCLNDNANGYF,0,18337.408313
331,VRSGGHDYEGLSYRS,0,10489.51049
332,DVDLFLTGTPDEYVEQV,0,4322.766571
333,DPWTIYAIGGSSNPT,0,46728.971963
334,KFVDSTVVASVTIID,0,5884.660651
335,SNMLILNPTQSDSGI,0,9380.863039
336,PGKYTAYEGQRVVFI,1,690.703136
337,TFDGRGAQVYIGNGG,0,37878.787879
338,KDVTFRNITGTSSTP,0,14883.003201
339,AWASACGGTGKNTIV,0,46728.971963
340,FWAVRGGGGESFGIV,1,701.557458
341,YFRNEQSIPPLIKKY,0,9560.229446
342,SGLVWGQKYFKGNFQ,0,7477.567298
343,IPTAFSIGKTYKPEE,0,20026.70227
344,SADEVQRMMAEIDTD,0,46728.971963
345,TDALRTLGSTSADEV,0,46728.971963
346,GILQAYDLRDAPETP,0,33259.423503
347,LAKYKANWIEIMRIK,1,909.697374
348,NNRIWLQFAKLTGFT,1,153.858778
349,QKYVNNTATLLMTSL,1,74.005368
350,AGDGDVVAVDIKEKG,0,46728.971963
351,SPLTASKLTYENVKM,0,6558.810669
352,DGYFLKIKVTAASPM,0,1595.574939
353,NYNCKILPNTLVLDF,0,4274.722143
354,AGIMIFDPYGATISA,1,1126.379815
355,IFSKNLNIKLNMPLY,0,35128.805621
356,FTVSFYLRVPKVSAS,1,1.0
357,PNITATYGDKWLDAK,1,991.604416
358,AVWGKNSCAKNYNCK,0,46728.971963
359,VFNYETETTSVIPAA,0,1994.415636
360,EAKITMLTNGQCQNI,1,1156.515035
361,YRQIRSGERFLKIWS,1,1.0
362,VLMEWLKTRPILSPY,1,760.302093
363,DRPFQLFEFYAREPDV,1,27.684726
364,KMPMYIAGYKTFDGR,0,4492.362983
365,LQIIDKIDAAFKVAA,0,3759.47925893
366,FKKWCGMLSTKSIDL,0,2516.356316
367,YTVALFLAVALVAGP,0,46728.971963
368,PDEYVEQVAQYKALP,0,4553.734062
369,VKDLKKIITRISAVS,0,1916.443082
370,PIIIDQKYCPNKICT,0,46728.971963
371,AINIFNVEKYGAVGD,1,367.710146
372,LTGYSLFQKEKMVLN,1,857.289821
373,NNKYAASSYLSLTPE,1,3.285158
374,EFVKIVQKRGIVKENI,0,17006.802721
375,FMVAMFLAVAVVLGL,0,3834.355828
376,NVSHIQSAVVCGRRH,0,14150.943396
377,YNYMEPYVSKNPRQA,0,22421.524664
378,MASSSSVLLVVALFA,1,133.809099
379,ELQVIEKVDAAFKVA,1,399.658958
380,KVFLTQMNARGVKVK,1,182.045463
381,AAATATATAAVGAAT,0,46728.971963
382,AIKFDFSTGLIIQGL,1,384.950983
383,HPDYAILAARIAVSN,0,3445.89938
384,YLAILVKYVDGDGDV,1,722.47375
385,EVVNDVSTFSSGLVW,0,3386.769022
386,FKPFAEYKSDYVYEP,1,1054.407423
387,KGDEQKLRSAGELEL,0,5179.558011
388,EITGIMKDFDEPGHL,0,46728.971963
389,SQPATGAATVAAGAA,0,46728.971963
390,CKTLTPLMSSKFPEL,1,1.45394
391,QKLIEDINASFRAAM,1,360.915281
392,YFLLTRILTIPQSLD,1,1.0
393,GLSGEPKGGAESSSK,0,46728.971963
394,NRFSYIPNGALKFVD,0,4152.82392
395,KHLAVLVKYEGDTMA,0,2892.960463
396,DLGYAPATPAAPGAG,0,33407.572383
397,MGKATTEEQKLIEDV,1,541.320823
398,QDHQEEICEVVLAKS,0,12875.536481
399,TEAFSTAWQAACKKP,0,4195.804196
400,SSSSSLLAMAVLAAL,1,585.9375
401,KSMKVTVAFNQFGPN,1,77.723026
402,ENVLISPVSILSTLS,1,348.132847
403,AEVELRQHGSEEWEP,0,7776.049767
404,AEEVEKIEKTEEPAP,0,46728.971963
405,EAAFTVSSKRNLADA,0,5048.805116
406,GAVDIINKWQVVAPQ,1,801.581788
407,IHIGDSSKVTITDTT,0,46728.971963
408,ALKESWGAIWRIDTP,0,4204.035874
409,DVFYNGAYFVSSGKY,1,100.588105
410,GWDLNAASAYCSTWD,0,11450.381679
411,ADVQYDLYLNVANRR,1,4.40511327215
412,GATRERSLWIIFSKN,0,14910.536779
413,ASPMLYQLLEAVYGN,1,2.798218
414,AGALEVHAVKPVTEE,0,30425.963489
415,KAIKESTGGAYDTYK,0,26737.967914
416,FDPYGAKISATPESA,0,11177.347243
417,DFREFSRAKGLNQEI,0,13574.660633
418,NSLLFIPDIKLAIDN,1,56.328296
419,HPQDGDALTLRTATN,0,30425.963489
420,QKRGIVKENIIDLTKI,1,677.812924
421,RSLWIIFSKNLNIKL,1,829.646018
422,ANWIEIMRIKKLTIT,0,6530.256857
423,EWATPFPHRKGVLFN,0,10775.862069
424,FNNFTVSFWLRVPKV,1,1.0
425,TVTVFKIPKKASEGA,1,277.541354
426,VKGDPVGILYAVFKA,1,423.190859
427,KALYDLQRSAMVYSS,0,2186.270223
428,ATISATPESATPFPH,0,46728.971963
429,LEAKATFYGSNPRGA,0,34403.669725
430,GLGWYKIEIDQDHQE,0,11278.195489
431,TVAAAPQVKYAVFEA,1,953.228266
432,SEPGKYTAYEGQRVVF,0,2264.150943
433,MADDMERIFKRFDTN,0,46728.971963
434,KYDAYVATLSEALRI,1,531.142665
435,DIDLGRNEVVNDVST,0,12244.897959
436,IPFVHLGHRDALEDD,1,95.844808
437,VGNVAWMHVLAAKYI,1,492.012989
